Data;dolar australian (lei) CURSZ_AUD;dolar canadian (lei) CURSZ_CAD;franc elveţian (lei) CURSZ_CHF;euro (lei) CURSZ_EUR;leu moldovenesc (lei) CURSZ_MDL;dolar SUA (lei) CURSZ_USD
15.03.2024;2,9969;3,3726;5,1649;4,9707;0,2581;4,5645
14.03.2024;3,0093;3,3743;5,1662;4,9712;0,258;4,5441
13.03.2024;3,0038;3,3684;5,1739;4,9675;0,2574;4,544
12.03.2024;3,0046;3,3725;5,1829;4,9665;0,2563;4,5427
11.03.2024;3,0037;3,3695;5,1768;4,9671;0,257;4,5397
08.03.2024;3,0212;3,3826;5,1867;4,9691;0,2572;4,5463
07.03.2024;3,0127;3,3797;5,1808;4,9707;0,2573;4,5632
06.03.2024;2,9812;3,3649;5,1647;4,9718;0,2582;4,5713
05.03.2024;2,9762;3,3736;5,1707;4,9719;0,258;4,582
04.03.2024;2,9857;3,3759;5,1842;4,9698;0,2587;4,5788
01.03.2024;2,991;3,3865;5,1913;4,9699;0,2577;4,5984
29.02.2024;2,9766;3,3717;5,2072;4,969;0,2577;4,5823
28.02.2024;2,9844;3,3838;5,2225;4,97;0,2564;4,5955
27.02.2024;2,9997;3,393;5,203;4,9686;0,2559;4,5785
26.02.2024;3,0023;3,3915;5,2137;4,9731;0,2564;4,5843
23.02.2024;3,016;3,4081;5,2177;4,9753;0,2557;4,597
22.02.2024;3,0185;3,4069;5,2243;4,9769;0,2573;4,5843
21.02.2024;3,0209;3,4066;5,2331;4,9759;0,2575;4,6073
20.02.2024;3,0214;3,4168;5,2289;4,9771;0,2583;4,6069
19.02.2024;3,0196;3,4266;5,2445;4,9773;0,2584;4,6189
16.02.2024;3,0156;3,4276;5,245;4,977;0,2597;4,6207
15.02.2024;3,0125;3,4248;5,2502;4,9767;0,2612;4,6364
14.02.2024;3,0117;3,4347;5,2387;4,976;0,2596;4,6505
13.02.2024;3,0115;3,4345;5,251;4,9761;0,2594;4,6186
12.02.2024;3,01;3,4283;5,2752;4,9753;0,2593;4,617
09.02.2024;3,0073;3,4343;5,2792;4,977;0,2593;4,6214
08.02.2024;3,0052;3,43;5,2893;4,9764;0,2592;4,6195
07.02.2024;3,0137;3,4282;5,2971;4,9769;0,2601;4,6228
06.02.2024;3,0106;3,4245;5,3137;4,976;0,2599;4,637
05.02.2024;3,0068;3,4304;5,3208;4,9736;0,2565;4,627
02.02.2024;3,0167;3,4174;5,3393;4,9728;0,2587;4,5697
01.02.2024;3,0018;3,425;5,3374;4,9747;0,2584;4,6088
31.01.2024;3,0233;3,4223;5,319;4,9759;0,2587;4,5962
30.01.2024;3,0316;3,4261;5,3232;4,9769;0,2592;4,5925
29.01.2024;3,036;3,4233;5,337;4,977;0,258;4,6007
26.01.2024;3,0221;3,406;5,3058;4,9763;0,2575;4,5812
25.01.2024;3,0101;3,3825;5,2854;4,9765;0,2576;4,5681
23.01.2024;3,0134;3,3964;5,2672;4,9767;0,2573;4,578
22.01.2024;3,0119;3,4052;5,2631;4,9768;0,2576;4,5705
19.01.2024;3,0177;3,3955;5,2629;4,9769;0,2581;4,5735
18.01.2024;2,9988;3,3858;5,2832;4,9765;0,259;4,5679
17.01.2024;2,9986;3,3848;5,3004;4,9752;0,2583;4,5762
16.01.2024;3,0184;3,388;5,3115;4,9761;0,2571;4,5724
15.01.2024;3,0285;3,389;5,3231;4,9736;0,2562;4,5481
12.01.2024;3,0382;3,3963;5,3151;4,9731;0,2551;4,5371
11.01.2024;3,0414;3,3909;5,3251;4,9723;0,2561;4,5351
10.01.2024;3,0465;3,3973;5,3298;4,9724;0,2564;4,5418
09.01.2024;3,045;3,4013;5,3431;4,9715;0,258;4,546
08.01.2024;3,042;3,3949;5,3402;4,972;0,2576;4,544
05.01.2024;3,0455;3,4089;5,3439;4,9744;0,2577;4,5599
04.01.2024;3,0561;3,4058;5,3416;4,973;0,2595;4,5395
03.01.2024;3,0693;3,4127;5,3351;4,9731;0,2586;4,5504
29.12.2023;3,0588;3,3913;5,3666;4,9746;0,257;4,4958
28.12.2023;3,0616;3,3838;5,3438;4,9753;0,2573;4,4726
27.12.2023;3,0741;3,4072;5,2723;4,972;0,2573;4,4971
22.12.2023;3,0671;3,3977;5,2769;4,9695;0,2579;4,5101
21.12.2023;3,0596;3,3976;5,2648;4,9692;0,2586;4,5377
20.12.2023;3,0676;3,4041;5,2648;4,9702;0,2576;4,5369
19.12.2023;3,0584;3,3943;5,245;4,9704;0,2568;4,5433
18.12.2023;3,0569;3,4005;5,2395;4,9676;0,2545;4,5508
15.12.2023;3,0464;3,3886;5,2334;4,9709;0,2545;4,533
14.12.2023;3,059;3,3882;5,2362;4,972;0,2567;4,5587
13.12.2023;3,0244;3,3963;5,2643;4,974;0,2569;4,616
12.12.2023;3,0343;3,3915;5,2526;4,9724;0,2591;4,6011
11.12.2023;3,0265;3,3932;5,2443;4,9708;0,2599;4,6131
08.12.2023;3,0452;3,3929;5,2613;4,9677;0,2601;4,6059
07.12.2023;3,0289;3,3946;5,2769;4,9679;0,2595;4,614
06.12.2023;3,0248;3,3895;5,2648;4,9681;0,2586;4,6029
05.12.2023;3,0155;3,3818;5,2499;4,9672;0,2568;4,5844
04.12.2023;3,0389;3,3741;5,2353;4,9678;0,2566;4,571
29.11.2023;3,0003;3,3338;5,1634;4,9726;0,2543;4,5313
28.11.2023;3,0036;3,3433;5,1534;4,9725;0,2544;4,5419
27.11.2023;2,9956;3,3251;5,1561;4,9702;0,2554;4,5369
24.11.2023;2,9933;3,3283;5,1562;4,9703;0,256;4,5559
23.11.2023;2,9868;3,3262;5,1572;4,971;0,2564;4,5522
22.11.2023;2,9903;3,3268;5,1563;4,9707;0,2552;4,5603
21.11.2023;2,9835;3,3125;5,1384;4,9706;0,2549;4,5402
20.11.2023;2,9826;3,3189;5,1493;4,9709;0,2562;4,5496
17.11.2023;2,9772;3,334;5,1573;4,9711;0,2559;4,5751
16.11.2023;2,9746;3,3441;5,1557;4,9704;0,2547;4,5823
15.11.2023;2,9833;3,3441;5,1538;4,9701;0,2579;4,5782
14.11.2023;2,9559;3,3557;5,146;4,9723;0,2599;4,639
13.11.2023;2,9636;3,366;5,1492;4,9703;0,2601;4,6473
10.11.2023;2,9575;3,3686;5,1647;4,9692;0,2598;4,6537
09.11.2023;2,9771;3,3712;5,1603;4,9673;0,2591;4,6471
08.11.2023;2,9929;3,3784;5,1639;4,9674;0,2586;4,6566
07.11.2023;2,9881;3,3842;5,1664;4,9696;0,2557;4,6514
06.11.2023;3,0084;3,388;5,1564;4,9695;0,2578;4,6224
03.11.2023;3,0094;3,3982;5,1613;4,9701;0,2578;4,6698
02.11.2023;3,0119;3,384;5,1734;4,9693;0,2599;4,6735
01.11.2023;2,9851;3,3911;5,1817;4,9685;0,2567;4,7086
31.10.2023;2,9659;3,3705;5,1639;4,9669;0,2584;4,6585
30.10.2023;2,9898;3,3901;5,1929;4,9647;0,2597;4,6943
27.10.2023;2,9885;3,4083;5,2266;4,9681;0,2603;4,7033
26.10.2023;2,9734;3,4135;5,2391;4,9643;0,2586;4,7077
25.10.2023;2,9723;3,4079;5,2397;4,9628;0,2566;4,6956
24.10.2023;2,9701;3,4097;5,2262;4,9678;0,2569;4,6672
23.10.2023;2,9546;3,4213;5,2568;4,9724;0,2579;4,694
20.10.2023;2,9634;3,4291;5,2654;4,9734;0,2588;4,6981
19.10.2023;2,972;3,4343;5,2467;4,972;0,2595;4,7177
18.10.2023;2,9992;3,4521;5,2346;4,9705;0,2595;4,7038
17.10.2023;2,9903;3,4527;5,2205;4,9676;0,2608;4,7073
16.10.2023;2,9803;3,4546;5,2221;4,9654;0,2609;4,7123
13.10.2023;2,9753;3,4463;5,1922;4,9645;0,2579;4,7146
12.10.2023;2,9954;3,4393;5,1941;4,9627;0,2574;4,6739
11.10.2023;3,0058;3,4415;5,1838;4,9658;0,2574;4,6803
10.10.2023;3,0043;3,4451;5,1782;4,9656;0,2584;4,681
09.10.2023;3,0014;3,4534;5,1787;4,9682;0,2583;4,7168
06.10.2023;2,9912;3,4291;5,153;4,9631;0,2587;4,7028
05.10.2023;2,9961;3,4327;5,1559;4,97;0,2596;4,7293
04.10.2023;2,9983;3,4605;5,157;4,9752;0,2607;4,7387
03.10.2023;2,9934;3,4556;5,1499;4,9745;0,2589;4,743
02.10.2023;3,0182;3,4671;5,1701;4,9744;0,2569;4,7191
29.09.2023;3,0414;3,4896;5,1446;4,9746;0,26;4,6864
28.09.2023;3,0157;3,5009;5,1471;4,9749;0,2597;4,7214
27.09.2023;3,0033;3,4804;5,1393;4,9743;0,2584;4,7112
26.09.2023;3,0057;3,4756;5,14;4,9696;0,2567;4,6874
25.09.2023;2,9996;3,4665;5,1335;4,9677;0,2569;4,6717
22.09.2023;3,0071;3,4698;5,1538;4,9675;0,2571;4,6709
21.09.2023;2,9882;3,4561;5,1566;4,9707;0,2573;4,6638
20.09.2023;3,0068;3,4588;5,1812;4,9711;0,2578;4,6481
19.09.2023;3,0019;3,4576;5,1851;4,9691;0,2593;4,6505
18.09.2023;2,9962;3,4459;5,1974;4,9679;0,2597;4,6546
15.09.2023;3,0072;3,4491;5,2031;4,969;0,2575;4,6583
14.09.2023;2,9778;3,4229;5,1855;4,9695;0,2573;4,6329
13.09.2023;2,9688;3,4155;5,1884;4,9697;0,2578;4,6316
12.09.2023;2,9786;3,4129;5,1958;4,969;0,2577;4,6335
11.09.2023;2,9773;3,4045;5,1899;4,966;0,2585;4,629
08.09.2023;2,9666;3,394;5,2018;4,9643;0,2588;4,6378
07.09.2023;2,9572;3,3951;5,1946;4,9632;0,2584;4,634
06.09.2023;2,9534;3,385;5,1945;4,9615;0,2588;4,624
05.09.2023;2,937;3,3719;5,1858;4,9491;0,2566;4,6025
04.09.2023;2,9611;3,3683;5,1809;4,9465;0,2556;4,5809
01.09.2023;2,9506;3,3744;5,1613;4,944;0,254;4,5563
31.08.2023;2,9391;3,3542;5,1506;4,9412;0,2559;4,5441
30.08.2023;2,9348;3,3459;5,161;4,9424;0,256;4,5389
29.08.2023;2,9455;3,3602;5,1679;4,9418;0,2558;4,5717
28.08.2023;2,926;3,3585;5,1692;4,9358;0,2562;4,5679
25.08.2023;2,938;3,3681;5,1664;4,9388;0,2549;4,5768
24.08.2023;2,9316;3,3574;5,1635;4,9345;0,2557;4,5471
23.08.2023;2,9342;3,3667;5,1871;4,9405;0,2539;4,5686
22.08.2023;2,9207;3,3472;5,1621;4,9373;0,2538;4,5276
21.08.2023;2,9054;3,3517;5,1547;4,9416;0,2562;4,5319
18.08.2023;2,9091;3,358;5,1672;4,9442;0,2567;4,5493
17.08.2023;2,9104;3,3571;5,1635;4,9345;0,2561;4,5398
16.08.2023;2,9195;3,3493;5,1429;4,9354;0,2565;4,519
14.08.2023;2,9319;3,3567;5,1484;4,9422;0,2547;4,5134
11.08.2023;2,9352;3,3459;5,1298;4,9418;0,2527;4,5007
10.08.2023;2,9397;3,3465;5,1351;4,9433;0,2545;4,4866
09.08.2023;2,9508;3,3586;5,1455;4,9477;0,2556;4,5049
08.08.2023;2,9386;3,3565;5,1549;4,9497;0,2557;4,5112
07.08.2023;2,9623;3,3707;5,1469;4,949;0,2568;4,511
04.08.2023;2,9683;3,3857;5,1566;4,9521;0,2553;4,5258
03.08.2023;2,9486;3,379;5,1555;4,9382;0,2524;4,5197
02.08.2023;2,9581;3,3758;5,1248;4,9339;0,2505;4,4948
01.08.2023;2,9844;3,3926;5,1387;4,9334;0,249;4,4964
31.07.2023;2,9949;3,38;5,1405;4,9346;0,2509;4,4712
28.07.2023;2,9909;3,3993;5,1627;4,9322;0,2493;4,4944
27.07.2023;3,0106;3,3611;5,1713;4,9285;0,252;4,4289
26.07.2023;3,0078;3,37;5,1666;4,9292;0,2532;4,4515
25.07.2023;3,0134;3,3805;5,1245;4,9198;0,2533;4,4539
24.07.2023;2,9968;3,3694;5,1294;4,9245;0,2536;4,4437
21.07.2023;2,9955;3,3691;5,1208;4,9377;0,2512;4,4374
20.07.2023;3,0105;3,3561;5,133;4,9403;0,25;4,4061
19.07.2023;2,9817;3,3426;5,1315;4,9465;0,2464;4,4033
18.07.2023;2,9921;3,3266;5,1147;4,9385;0,2454;4,3915
17.07.2023;2,9935;3,3249;5,1217;4,9406;0,2438;4,3961
14.07.2023;3,0247;3,3547;5,1301;4,9426;0,2435;4,4014
13.07.2023;3,0295;3,3616;5,1249;4,9437;0,2461;4,4247
12.07.2023;3,0042;3,3997;5,1133;4,951;0,2461;4,4907
11.07.2023;3,0002;3,3892;5,0982;4,9501;0,2467;4,4968
10.07.2023;2,9987;3,398;5,0765;4,9514;0,2477;4,5134
07.07.2023;3,023;3,4045;5,0829;4,954;0,2479;4,551
06.07.2023;3,0357;3,4273;5,0763;4,9507;0,2476;4,557
05.07.2023;3,0321;3,423;5,0557;4,9473;0,2472;4,5415
04.07.2023;3,0367;3,4321;5,0733;4,9503;0,2475;4,5426
03.07.2023;3,0274;3,4303;5,0551;4,9517;0,2493;4,5495
30.06.2023;3,0299;3,4515;5,0769;4,9634;0,2486;4,575
29.06.2023;3,0078;3,4272;5,0727;4,9644;0,2483;4,5478
28.06.2023;3,0053;3,4246;5,0561;4,9583;0,2488;4,5277
27.06.2023;3,0352;3,4512;5,0687;4,963;0,2507;4,5361
26.06.2023;3,0341;3,453;5,084;4,9556;0,2521;4,5473
23.06.2023;3,0545;3,4565;5,0741;4,9561;0,2496;4,5645
22.06.2023;3,0656;3,4325;5,0461;4,9636;0,2523;4,512
21.06.2023;3,0739;3,4346;5,0622;4,9627;0,2527;4,5433
20.06.2023;3,0841;3,4355;5,0644;4,9631;0,2535;4,5425
19.06.2023;3,1135;3,4402;5,0678;4,9596;0,2528;4,5426
16.06.2023;3,1136;3,4256;5,078;4,9604;0,256;4,5317
15.06.2023;3,1175;3,4317;5,0714;4,9586;0,2574;4,5731
14.06.2023;3,1132;3,4523;5,0804;4,9559;0,2574;4,5862
13.06.2023;3,111;3,438;5,0671;4,9609;0,2582;4,5911
12.06.2023;3,1117;3,4502;5,0915;4,9568;0,2582;4,599
09.06.2023;3,0907;3,4531;5,1085;4,956;0,2588;4,6047
08.06.2023;3,0855;3,4603;5,0759;4,9543;0,2593;4,6181
07.06.2023;3,0987;3,4608;5,113;4,9578;0,26;4,635
06.06.2023;3,0871;3,4573;5,1136;4,9615;0,2602;4,6393
02.06.2023;3,0571;3,4361;5,0913;4,9633;0,2599;4,6099
31.05.2023;3,0176;3,4138;5,1125;4,9696;0,2603;4,6562
30.05.2023;3,0306;3,4104;5,1284;4,964;0,2599;4,6302
29.05.2023;3,0266;3,4036;5,1206;4,958;0,2588;4,6276
26.05.2023;3,0134;3,3885;5,1137;4,9575;0,2601;4,6194
25.05.2023;3,016;3,3987;5,0998;4,9578;0,2598;4,6192
24.05.2023;3,028;3,3997;5,103;4,9624;0,2597;4,6046
23.05.2023;3,0528;3,4042;5,1176;4,971;0,2591;4,6096
22.05.2023;3,0573;3,4078;5,1396;4,978;0,2605;4,6012
19.05.2023;3,0701;3,4203;5,1083;4,9783;0,2594;4,6091
18.05.2023;3,0515;3,4124;5,1061;4,9731;0,2589;4,5975
17.05.2023;3,0455;3,3932;5,0942;4,961;0,2561;4,5816
16.05.2023;3,0352;3,3706;5,0842;4,9462;0,2554;4,5382
15.05.2023;3,0343;3,3601;5,0644;4,9365;0,2543;4,5435
12.05.2023;3,0236;3,3521;5,0612;4,9324;0,2536;4,5226
11.05.2023;3,0398;3,3649;5,0442;4,9294;0,2525;4,511
10.05.2023;3,0354;3,3551;5,0439;4,9221;0,25;4,4922
09.05.2023;3,0298;3,3513;5,026;4,9202;0,2485;4,4806
08.05.2023;3,0295;3,3457;5,0202;4,9256;0,2487;4,4634
05.05.2023;3,0066;3,308;5,0082;4,9273;0,2488;4,468
04.05.2023;2,9761;3,2781;5,0252;4,9295;0,2491;4,4601
03.05.2023;2,9718;3,277;5,0302;4,9298;0,2505;4,4654
02.05.2023;3,0101;3,3136;5,0033;4,929;0,2498;4,4989
28.04.2023;2,9581;3,2888;5,0133;4,9353;0,248;4,4915
27.04.2023;2,9621;3,2864;5,0128;4,9439;0,2484;4,4794
26.04.2023;2,9513;3,2821;5,0278;4,9401;0,2482;4,4743
25.04.2023;2,981;3,2943;5,0447;4,934;0,2495;4,4704
24.04.2023;2,9924;3,3066;5,0327;4,9293;0,2496;4,4751
21.04.2023;3,016;3,3344;5,0443;4,9401;0,2501;4,5092
20.04.2023;3,0211;3,3388;5,0216;4,9305;0,2511;4,4966
19.04.2023;3,0209;3,3591;5,017;4,933;0,2507;4,5145
18.04.2023;3,0305;3,3659;5,0172;4,9372;0,2487;4,4994
13.04.2023;3,0182;3,3469;5,0371;4,9432;0,2504;4,4844
12.04.2023;3,0098;3,3574;5,008;4,9381;0,2499;4,5196
11.04.2023;3,0109;3,3485;4,9995;4,9338;0,2495;4,5223
10.04.2023;3,0187;3,3501;4,9891;4,9315;0,249;4,521
07.04.2023;3,0232;3,3504;5,0012;4,9367;0,2489;4,5233
06.04.2023;3,0338;3,3595;5,0005;4,937;0,2474;4,5283
05.04.2023;3,0107;3,3407;4,9736;4,9316;0,2469;4,5027
04.04.2023;3,0518;3,3669;4,9556;4,938;0,2478;4,5158
03.04.2023;3,0562;3,3787;4,9675;4,9419;0,2476;4,5539
31.03.2023;3,0446;3,3557;4,9573;4,9491;0,2471;4,5463
30.03.2023;3,0513;3,3636;4,9726;4,9485;0,2473;4,5545
29.03.2023;3,0433;3,3539;4,9695;4,9479;0,2475;4,5594
28.03.2023;3,0519;3,3416;4,9827;4,9481;0,2482;4,574
27.03.2023;3,0513;3,3444;5,0084;4,9405;0,2483;4,5913
24.03.2023;3,0469;3,3324;4,9881;4,9255;0,2437;4,5904
23.03.2023;3,0391;3,3086;4,9374;4,9214;0,2449;4,525
22.03.2023;3,0576;3,3316;4,9467;4,9232;0,2451;4,5644
21.03.2023;3,0548;3,3477;4,9434;4,9209;0,2465;4,5755
20.03.2023;3,0799;3,3593;4,9593;4,9219;0,2485;4,6021
17.03.2023;3,0962;3,3745;4,9896;4,92;0,2489;4,6271
16.03.2023;3,0801;3,3698;4,9881;4,919;0,2492;4,6371
15.03.2023;3,0727;3,3679;5,0298;4,9207;0,2456;4,6258
14.03.2023;3,0563;3,3472;5,0487;4,9253;0,2462;4,5975
13.03.2023;3,0504;3,3392;5,0341;4,9155;0,2475;4,6053
10.03.2023;3,0562;3,3532;4,9927;4,9136;0,2476;4,6385
09.03.2023;3,0774;3,3732;4,961;4,9156;0,2457;4,6523
08.03.2023;3,0799;3,3903;4,9476;4,9157;0,2455;4,6627
07.03.2023;3,0791;3,3871;4,9489;4,9209;0,2458;4,6149
06.03.2023;3,1155;3,4029;4,9528;4,9209;0,246;4,6297
03.03.2023;3,1315;3,4167;4,9408;4,9213;0,2454;4,6349
02.03.2023;3,116;3,4042;4,9201;4,9218;0,2439;4,636
01.03.2023;3,1268;3,3992;4,9324;4,9267;0,2454;4,6256
28.02.2023;3,1203;3,4156;4,9425;4,92;0,2468;4,6376
27.02.2023;3,1277;3,425;4,9494;4,9185;0,2468;4,6559
24.02.2023;3,1494;3,4209;4,9674;4,917;0,2465;4,6426
23.02.2023;3,1598;3,4242;4,9709;4,9115;0,2459;4,6335
22.02.2023;3,1593;3,4161;4,9919;4,9248;0,2463;4,6307
21.02.2023;3,1773;3,4292;4,9899;4,9193;0,2455;4,6169
20.02.2023;3,1774;3,4201;4,9867;4,9196;0,2471;4,6046
17.02.2023;3,1449;3,4106;4,9418;4,904;0,2447;4,6075
16.02.2023;3,1661;3,4202;4,964;4,9007;0,2443;4,5758
15.02.2023;3,153;3,4105;4,957;4,8993;0,243;4,5711
14.02.2023;3,175;3,4165;4,9605;4,9012;0,2447;4,5578
13.02.2023;3,1794;3,4362;4,9741;4,9037;0,2441;4,5915
10.02.2023;3,1747;3,4074;4,9658;4,9045;0,242;4,5802
09.02.2023;3,1666;3,3863;4,9461;4,89;0,2419;4,5374
08.02.2023;3,1791;3,4061;4,9559;4,8962;0,2434;4,555
07.02.2023;3,1696;3,4092;4,9405;4,9022;0,2427;4,5747
06.02.2023;3,1404;3,3896;4,9186;4,9036;0,2392;4,557
03.02.2023;3,166;3,358;4,9076;4,9005;0,2362;4,4823
02.02.2023;3,178;3,3577;4,9026;4,9024;0,2389;4,4632
01.02.2023;3,1945;3,3913;4,9264;4,9148;0,2417;4,5152
31.01.2023;3,1795;3,3781;4,8998;4,9221;0,2408;4,5466
30.01.2023;3,1876;3,3744;4,8925;4,903;0,2401;4,4936
27.01.2023;3,1965;3,3738;4,8793;4,8922;0,2384;4,4928
26.01.2023;3,1889;3,347;4,8787;4,8858;0,2384;4,4803
25.01.2023;3,1958;3,371;4,8877;4,9016;0,2386;4,5101
23.01.2023;3,1648;3,3786;4,9102;4,9198;0,2399;4,5132
20.01.2023;3,151;3,3751;4,9445;4,9255;0,2398;4,5451
19.01.2023;3,1358;3,3747;4,9653;4,9293;0,2399;4,5551
18.01.2023;3,1924;3,402;4,9796;4,9355;0,2393;4,5455
17.01.2023;3,1629;3,3942;4,9386;4,9314;0,2386;4,5583
16.01.2023;3,1781;3,4076;4,925;4,9405;0,2388;4,5614
13.01.2023;3,1805;3,4159;4,9145;4,9413;0,2395;4,5588
12.01.2023;3,1678;3,4154;4,9209;4,9359;0,2394;4,5851
11.01.2023;3,1678;3,4174;4,9726;4,9328;0,2393;4,5891
10.01.2023;3,1629;3,4259;4,9798;4,9253;0,2396;4,5868
09.01.2023;3,1886;3,4446;4,9908;4,9252;0,2443;4,6151
06.01.2023;3,1613;3,4416;4,9914;4,9293;0,2422;4,6894
05.01.2023;3,1682;3,4359;5,0041;4,9243;0,2423;4,6388
04.01.2023;3,1902;3,4244;5,0052;4,9264;0,2442;4,6388
03.01.2023;3,1363;3,4311;4,9834;4,9273;0,2407;4,6766
30.12.2022;3,1491;3,4232;5,0289;4,9474;0,2428;4,6346
29.12.2022;3,1242;3,4212;5,0249;4,9458;0,2424;4,6501
28.12.2022;3,1488;3,4413;5,0082;4,9463;0,2415;4,6501
27.12.2022;3,1177;3,4156;4,9834;4,9278;0,2413;4,6221
23.12.2022;3,0977;3,3944;4,9648;4,902;0,2395;4,618
22.12.2022;3,1036;3,3842;4,9826;4,8981;0,239;4,6056
21.12.2022;3,0841;3,3902;4,9813;4,9023;0,2383;4,6165
20.12.2022;3,0893;3,3928;4,9866;4,914;0,239;4,6193
19.12.2022;3,1126;3,3967;4,9751;4,9176;0,2384;4,6333
16.12.2022;3,0963;3,3854;4,9761;4,9199;0,2391;4,6305
15.12.2022;3,134;3,4146;4,9847;4,9206;0,2391;4,6338
14.12.2022;3,174;3,4083;4,9864;4,9248;0,2415;4,6225
13.12.2022;3,1689;3,4374;4,9961;4,9314;0,2409;4,6821
12.12.2022;3,1639;3,4156;5,0039;4,9286;0,2408;4,6664
09.12.2022;3,1553;3,4211;4,9963;4,9211;0,2412;4,6615
08.12.2022;3,1512;3,4303;4,9737;4,9192;0,2412;4,6852
07.12.2022;3,1265;3,421;4,9766;4,9186;0,2397;4,6835
06.12.2022;3,1421;3,4338;4,9667;4,9126;0,2374;4,6804
05.12.2022;3,1778;3,4784;4,9903;4,9207;0,2383;4,6726
02.12.2022;3,1935;3,486;5,0142;4,9297;0,2417;4,6851
29.11.2022;3,1941;3,5228;4,989;4,9184;0,2427;4,7383
28.11.2022;3,1556;3,5027;4,9892;4,9266;0,2447;4,7043
25.11.2022;3,1913;3,5438;5,012;4,925;0,2453;4,7278
24.11.2022;3,1966;3,5514;5,0256;4,9309;0,2479;4,739
23.11.2022;3,1826;3,5731;5,0285;4,9385;0,2502;4,7923
22.11.2022;3,1828;3,5761;5,0192;4,9253;0,2509;4,7918
21.11.2022;3,1966;3,5959;5,0346;4,9417;0,2486;4,8287
18.11.2022;3,2026;3,5742;5,0066;4,9418;0,2492;4,7618
17.11.2022;3,1784;3,563;5,0162;4,9267;0,2473;4,764
16.11.2022;3,2015;3,5626;5,0226;4,9209;0,2466;4,7176
15.11.2022;3,1793;3,5421;5,0061;4,9032;0,2488;4,702
14.11.2022;3,1729;3,5781;5,0215;4,8982;0,2474;4,7588
11.11.2022;3,1762;3,5794;4,9579;4,8902;0,2554;4,7644
10.11.2022;3,144;3,6259;4,9722;4,8919;0,2524;4,9207
09.11.2022;3,156;3,6301;4,956;4,9052;0,2541;4,8852
08.11.2022;3,1684;3,6232;4,9449;4,8912;0,2533;4,8917
07.11.2022;3,1607;3,6283;4,9422;4,8871;0,2582;4,8959
04.11.2022;3,1784;3,6626;4,9578;4,8876;0,2601;4,9919
03.11.2022;3,1647;3,6549;4,9653;4,901;0,2569;5,0344
02.11.2022;3,1859;3,6468;4,9757;4,9113;0,2562;4,9624
01.11.2022;3,1896;3,6523;4,9819;4,9134;0,2562;4,947
31.10.2022;3,1613;3,6198;4,946;4,9141;0,2556;4,9487
28.10.2022;3,1643;3,6245;4,9587;4,9128;0,2531;4,935
27.10.2022;3,1446;3,5826;4,9242;4,889;0,2521;4,8734
26.10.2022;3,1519;3,5918;4,9194;4,8793;0,2555;4,8676
25.10.2022;3,1347;3,6165;4,9551;4,9038;0,2574;4,9684
24.10.2022;3,146;3,6455;4,9941;4,9139;0,2599;5,0045
21.10.2022;3,1527;3,6502;4,9896;4,913;0,2581;5,0434
20.10.2022;3,1664;3,6624;5,0105;4,9246;0,2595;5,0328
19.10.2022;3,1699;3,6569;5,0219;4,929;0,2589;5,0234
18.10.2022;3,1542;3,6449;5,0429;4,9357;0,2607;5,0185
17.10.2022;3,1616;3,6635;5,0494;4,936;0,2613;5,0597
14.10.2022;3,1895;3,6764;5,0587;4,935;0,2616;5,0743
13.10.2022;3,1957;3,6808;5,0879;4,9416;0,262;5,0782
12.10.2022;3,1887;3,6953;5,1107;4,9397;0,2619;5,0904
11.10.2022;3,1892;3,6751;5,0912;4,9367;0,2621;5,0896
10.10.2022;3,2134;3,7065;5,0999;4,9395;0,2596;5,0891
07.10.2022;3,2373;3,6767;5,0873;4,941;0,2572;5,0408
06.10.2022;3,2315;3,6544;5,078;4,9366;0,2555;4,992
05.10.2022;3,2201;3,6634;5,0577;4,9419;0,2562;4,9805
04.10.2022;3,2514;3,6772;5,07;4,9471;0,2591;5,013
03.10.2022;3,2654;3,6803;5,1139;4,948;0,2594;5,0712
30.09.2022;3,2777;3,6857;5,1652;4,949;0,2606;5,0469
29.09.2022;3,3041;3,7268;5,206;4,9486;0,2644;5,1027
28.09.2022;3,3069;3,752;5,2155;4,9479;0,263;5,1794
27.09.2022;3,3312;3,7496;5,1954;4,9437;0,2631;5,1379
26.09.2022;3,3255;3,7514;5,1775;4,9427;0,2606;5,1135
23.09.2022;3,3294;3,7421;5,1569;4,9437;0,2578;5,0679
22.09.2022;3,324;3,7178;5,1334;4,9412;0,2569;5,0103
21.09.2022;3,3215;3,7239;5,1663;4,9436;0,2549;4,9764
20.09.2022;3,3;3,707;5,1035;4,9313;0,2545;4,9303
19.09.2022;3,295;3,7052;5,1062;4,9226;0,2543;4,9364
16.09.2022;3,2973;3,7176;5,126;4,9253;0,2547;4,9376
15.09.2022;3,3248;3,7444;5,1459;4,9259;0,2547;4,9289
14.09.2022;3,316;3,74;5,1211;4,9247;0,2501;4,9217
13.09.2022;3,3414;3,7333;5,0961;4,9216;0,2507;4,8424
12.09.2022;3,3199;3,7178;5,0509;4,9047;0,251;4,8284
09.09.2022;3,3283;3,7351;5,0703;4,8936;0,2517;4,8528
08.09.2022;3,2759;3,7066;4,9958;4,8707;0,2536;4,8697
07.09.2022;3,2993;3,723;4,9833;4,858;0,2523;4,9031
06.09.2022;3,2865;3,6924;4,9487;4,8287;0,2507;4,8481
05.09.2022;3,2998;3,6942;4,9571;4,8215;0,249;4,8579
02.09.2022;3,2942;3,6793;4,9353;4,8344;0,2491;4,8383
01.09.2022;3,3051;3,6735;4,9528;4,8525;0,2497;4,8375
31.08.2022;3,3385;3,7133;4,9747;4,8605;0,2514;4,8707
30.08.2022;3,3682;3,7346;4,9933;4,8652;0,2517;4,8497
29.08.2022;3,3551;3,7427;5,0576;4,8707;0,2513;4,8917
26.08.2022;3,3999;3,7672;5,0541;4,8734;0,252;4,8739
25.08.2022;3,4051;3,777;5,069;4,8756;0,2539;4,8751
24.08.2022;3,394;3,783;5,1038;4,8818;0,2549;4,9078
23.08.2022;3,385;3,7806;5,0926;4,8851;0,2533;4,9225
22.08.2022;3,3695;3,7578;5,0865;4,8853;0,2525;4,8814
19.08.2022;3,3441;3,7332;5,0668;4,8806;0,2495;4,8447
18.08.2022;3,3341;3,7222;5,0325;4,8793;0,2495;4,8008
17.08.2022;3,3448;3,7296;5,0503;4,8849;0,2507;4,8018
16.08.2022;3,3706;3,7331;5,0705;4,8831;0,2489;4,8176
12.08.2022;3,3761;3,7206;5,038;4,8909;0,2455;4,745
11.08.2022;3,3726;3,7215;5,047;4,909;0,2485;4,7494
10.08.2022;3,3499;3,731;5,0576;4,9132;0,249;4,8027
09.08.2022;3,3482;3,729;5,029;4,905;0,2493;4,7905
08.08.2022;3,3658;3,7446;5,0392;4,921;0,2491;4,833
05.08.2022;3,3478;3,7386;5,045;4,9264;0,2503;4,8175
04.08.2022;3,3715;3,7653;5,0389;4,9263;0,25;4,8325
03.08.2022;3,3523;3,7601;5,0393;4,9252;0,2492;4,8348
02.08.2022;3,331;3,7398;5,058;4,9262;0,2485;4,8122
01.08.2022;3,3787;3,7594;5,0605;4,9287;0,2491;4,8019
29.07.2022;3,38;3,7723;5,0783;4,9351;0,252;4,8412
28.07.2022;3,391;3,7866;5,0595;4,9353;0,2517;4,8509
27.07.2022;3,3794;3,7828;5,0584;4,9337;0,2515;4,862
26.07.2022;3,3658;3,7671;5,0179;4,9328;0,2495;4,8461
25.07.2022;3,3461;3,74;4,9992;4,931;0,2511;4,8133
22.07.2022;3,361;3,7748;5,0231;4,9324;0,2508;4,8564
21.07.2022;3,3326;3,7561;4,9928;4,9391;0,2508;4,8513
20.07.2022;3,3374;3,7493;4,9775;4,9399;0,2493;4,8222
19.07.2022;3,3239;3,726;4,9741;4,9395;0,2518;4,8195
18.07.2022;3,3259;3,7496;4,9907;4,939;0,2544;4,8651
15.07.2022;3,3172;3,7577;5,0204;4,9408;0,2553;4,9192
14.07.2022;3,3239;3,7656;5,0082;4,9418;0,2544;4,9251
13.07.2022;3,3387;3,7838;5,0307;4,9414;0,2558;4,9222
12.07.2022;3,319;3,7883;5,0128;4,9411;0,2537;4,9391
11.07.2022;3,3225;3,7621;4,9831;4,943;0,2535;4,8926
08.07.2022;3,3297;3,7566;4,9986;4,9439;0,2525;4,8858
07.07.2022;3,3154;3,7275;4,9872;4,9451;0,253;4,8462
06.07.2022;3,2863;3,7087;4,986;4,9454;0,2509;4,8344
05.07.2022;3,2642;3,7184;4,977;4,9449;0,2473;4,8088
04.07.2022;3,256;3,6859;4,9342;4,9448;0,2474;4,7348
01.07.2022;3,2198;3,6612;4,9311;4,9461;0,2489;4,7286
30.06.2022;3,2654;3,6729;4,9466;4,9454;0,2459;4,7424
29.06.2022;3,2317;3,6495;4,9319;4,943;0,244;4,7005
28.06.2022;3,2446;3,6404;4,8931;4,9457;0,2433;4,6715
27.06.2022;3,2361;3,6262;4,8803;4,9459;0,2442;4,673
24.06.2022;3,2437;3,6188;4,8974;4,9471;0,2447;4,6905
23.06.2022;3,2417;3,6268;4,8702;4,9464;0,2447;4,7068
22.06.2022;3,2442;3,6237;4,8726;4,9469;0,2441;4,7042
21.06.2022;3,2624;3,6218;4,8465;4,9475;0,2441;4,6794
20.06.2022;3,2823;3,614;4,8705;4,9448;0,2442;4,6937
17.06.2022;3,2901;3,6271;4,8722;4,9472;0,2478;4,7049
16.06.2022;3,3086;3,6675;4,8424;4,9443;0,2462;4,7464
15.06.2022;3,2716;3,6452;4,7299;4,9449;0,248;4,7162
14.06.2022;3,2801;3,6636;4,77;4,9439;0,2478;4,7337
10.06.2022;3,3226;3,6643;4,7554;4,9432;0,2423;4,6665
09.06.2022;3,3157;3,6729;4,7169;4,9454;0,2422;4,6139
08.06.2022;3,3201;3,6824;4,7274;4,9456;0,2436;4,6195
07.06.2022;3,3242;3,6723;4,7393;4,9426;0,2419;4,626
06.06.2022;3,322;3,6622;4,7877;4,9419;0,2418;4,6003
03.06.2022;3,3354;3,661;4,7925;4,9427;0,2428;4,5996
02.06.2022;3,3247;3,6528;4,8152;4,9411;0,2423;4,6235
31.05.2022;3,3078;3,6318;4,8016;4,943;0,2406;4,6037
30.05.2022;3,3015;3,6204;4,7958;4,9438;0,2424;4,5912
27.05.2022;3,29;3,6187;4,8066;4,9429;0,2418;4,6098
26.05.2022;3,2762;3,6032;4,8107;4,9423;0,2425;4,6194
25.05.2022;3,2782;3,6059;4,8055;4,9417;0,2413;4,6288
24.05.2022;3,2651;3,6059;4,7889;4,9457;0,2418;4,617
23.05.2022;3,2944;3,6225;4,7915;4,9472;0,2438;4,6322
20.05.2022;3,3027;3,6568;4,8048;4,9477;0,2453;4,6725
19.05.2022;3,2954;3,6722;4,827;4,9474;0,2466;4,7141
18.05.2022;3,3004;3,6646;4,7195;4,9472;0,2472;4,702
17.05.2022;3,3196;3,6853;4,738;4,9477;0,2493;4,7247
16.05.2022;3,2786;3,6705;4,7246;4,9469;0,251;4,7475
13.05.2022;3,2759;3,6608;4,7597;4,9458;0,2505;4,7643
12.05.2022;3,2597;3,6392;4,7627;4,948;0,2485;4,7424
11.05.2022;3,2858;3,6149;4,7362;4,9479;0,2491;4,6866
10.05.2022;3,2687;3,6075;4,7082;4,9457;0,2487;4,6865
09.05.2022;3,2908;3,6344;4,7373;4,9469;0,2493;4,7013
06.05.2022;3,3218;3,6509;4,7529;4,949;0,2494;4,6812
05.05.2022;3,3699;3,6644;4,7764;4,9486;0,2514;4,6711
04.05.2022;3,3448;3,6689;4,7958;4,9471;0,2525;4,7017
03.05.2022;3,3422;3,6585;4,8161;4,9469;0,2516;4,7077
02.05.2022;3,3228;3,6533;4,8314;4,9476;0,2543;4,701
29.04.2022;3,349;3,6702;4,829;4,948;0,2543;4,6774
28.04.2022;3,3475;3,6644;4,8422;4,9475;0,2525;4,7005
27.04.2022;3,3321;3,6297;4,8359;4,9474;0,2506;4,6601
26.04.2022;3,3377;3,6329;4,8263;4,9457;0,2476;4,6265
21.04.2022;3,3737;3,6336;4,779;4,9441;0,2461;4,5321
20.04.2022;3,3826;3,6261;4,8003;4,9422;0,2477;4,5496
19.04.2022;3,3741;3,6323;4,8347;4,9415;0,2478;4,575
18.04.2022;3,373;3,6219;4,8526;4,9416;0,2477;4,5789
15.04.2022;3,3861;3,6274;4,8508;4,9432;0,2456;4,5703
14.04.2022;3,3739;3,611;4,8471;4,9443;0,2475;4,5307
13.04.2022;3,3875;3,6074;4,8883;4,9413;0,2469;4,5622
12.04.2022;3,3799;3,5922;4,8737;4,9412;0,2459;4,5466
11.04.2022;3,3686;3,5952;4,8445;4,9409;0,2467;4,523
08.04.2022;3,3908;3,6095;4,86;4,9419;0,247;4,5455
07.04.2022;3,3948;3,6116;4,8617;4,9426;0,2468;4,5378
06.04.2022;3,4354;3,6261;4,8561;4,9447;0,2456;4,5304
05.04.2022;3,4366;3,6139;4,8674;4,9431;0,2451;4,5019
04.04.2022;3,3719;3,5901;4,8389;4,9437;0,2436;4,4875
01.04.2022;3,3646;3,5853;4,8439;4,9454;0,2431;4,4763
31.03.2022;3,3307;3,5514;4,8196;4,9466;0,2426;4,4508
30.03.2022;3,3306;3,5543;4,7924;4,947;0,2443;4,4372
29.03.2022;3,3623;3,5889;4,789;4,9475;0,2455;4,4802
28.03.2022;3,3903;3,6094;4,817;4,9483;0,2449;4,505
25.03.2022;3,3787;3,588;4,8514;4,9489;0,2449;4,4961
24.03.2022;3,374;3,5843;4,8337;4,949;0,2447;4,505
23.03.2022;3,3594;3,5718;4,8072;4,9459;0,2439;4,4959
22.03.2022;3,3397;3,5722;4,8056;4,9452;0,2431;4,496
21.03.2022;3,305;3,5494;4,8143;4,9474;0,2434;4,4777
18.03.2022;3,3074;3,5567;4,7921;4,9481;0,2429;4,484
17.03.2022;3,2867;3,5374;4,7662;4,9461;0,2437;4,481
16.03.2022;3,2578;3,5387;4,7833;4,9476;0,2446;4,4992
15.03.2022;3,238;3,5019;4,7936;4,9487;0,2458;4,5
14.03.2022;3,2699;3,5412;4,8288;4,949;0,2446;4,5151
11.03.2022;3,2961;3,5305;4,8445;4,9489;0,244;4,5076
10.03.2022;3,2898;3,4974;4,8406;4,9488;0,2457;4,4859
09.03.2022;3,3042;3,5175;4,8584;4,949;0,2483;4,5069
08.03.2022;3,318;3,544;4,9029;4,9492;0,246;4,5493
07.03.2022;3,385;3,595;4,9399;4,949;0,246;4,5714
04.03.2022;3,311;3,5347;4,8979;4,9491;0,2435;4,4984
03.03.2022;3,2599;3,5339;4,8535;4,9489;0,243;4,4635
02.03.2022;3,2375;3,5068;4,8551;4,949;0,2415;4,459
01.03.2022;3,2186;3,4932;4,8099;4,9487;0,2418;4,4256
28.02.2022;3,1892;3,4677;4,7957;4,948;0,2433;4,4218
25.02.2022;3,1874;3,4564;4,7817;4,9479;0,2455;4,4271
24.02.2022;3,177;3,4505;4,792;4,9489;0,2431;4,4262
23.02.2022;3,1629;3,4271;4,7403;4,9463;0,2428;4,3564
22.02.2022;3,1483;3,4227;4,743;4,9458;0,2423;4,3579
21.02.2022;3,136;3,4147;4,7452;4,9447;0,2419;4,3529
18.02.2022;3,136;3,4265;4,725;4,9445;0,2421;4,3516
17.02.2022;3,1339;3,4224;4,7195;4,9439;0,2422;4,3474
16.02.2022;3,1118;3,4237;4,6929;4,9405;0,2436;4,3406
15.02.2022;3,1086;3,4268;4,7091;4,9434;0,245;4,3554
14.02.2022;3,1044;3,4236;4,7269;4,9455;0,2434;4,3702
11.02.2022;3,0961;3,4103;4,6823;4,9447;0,2423;4,3392
10.02.2022;3,1098;3,4102;4,6803;4,945;0,2417;4,3218
09.02.2022;3,1025;3,408;4,6821;4,9459;0,2417;4,3233
08.02.2022;3,0851;3,4105;4,6917;4,9458;0,2411;4,3306
07.02.2022;3,0719;3,4019;4,6866;4,946;0,2396;4,3301
04.02.2022;3,0621;3,3923;4,6766;4,9462;0,2432;4,3153
03.02.2022;3,121;3,4507;4,755;4,9457;0,2423;4,3845
02.02.2022;3,1278;3,4489;4,7576;4,9462;0,2438;4,3731
01.02.2022;3,1135;3,4664;4,7628;4,9464;0,2469;4,3941
31.01.2022;3,1216;3,4757;4,7472;4,9468;0,2478;4,4284
28.01.2022;3,1008;3,4736;4,7699;4,9459;0,2476;4,4424
27.01.2022;3,1316;3,483;4,7622;4,9453;0,2446;4,4182
26.01.2022;3,1457;3,4884;4,7621;4,9443;0,2439;4,384
25.01.2022;3,1268;3,4669;4,7642;4,944;0,2424;4,3816
21.01.2022;3,1405;3,4856;4,7821;4,9449;0,2416;4,3614
20.01.2022;3,1542;3,4893;4,7614;4,9452;0,2416;4,3585
19.01.2022;3,1424;3,4926;4,7586;4,9447;0,2407;4,3575
18.01.2022;3,1199;3,4676;4,7457;4,9445;0,2404;4,3401
17.01.2022;3,1273;3,4628;4,739;4,944;0,2395;4,3296
14.01.2022;3,136;3,4542;4,7342;4,9432;0,2394;4,3142
13.01.2022;3,1514;3,4552;4,7241;4,9435;0,2418;4,3131
12.01.2022;3,1385;3,4717;4,7133;4,9445;0,2427;4,3541
11.01.2022;3,1342;3,4535;4,7108;4,9452;0,2436;4,3637
10.01.2022;3,1427;3,4586;4,7364;4,9439;0,2443;4,3647
07.01.2022;3,1285;3,4393;4,7464;4,9436;0,2445;4,372
06.01.2022;3,1348;3,4247;4,7587;4,9431;0,2444;4,3708
05.01.2022;3,1713;3,4391;4,7785;4,946;0,2461;4,3739
04.01.2022;3,1565;3,4354;4,772;4,9464;0,2452;4,3779
03.01.2022;3,1589;3,4356;4,7725;4,9474;0,2462;4,3559
31.12.2021;3,1736;3,4344;4,7884;4,9481;0,2463;4,3707
30.12.2021;3,1749;3,4192;4,7713;4,9486;0,2471;4,3735
29.12.2021;3,1667;3,4191;4,7722;4,949;0,2457;4,3849
28.12.2021;3,1662;3,4139;4,7668;4,9491;0,2456;4,3683
27.12.2021;3,155;3,4085;4,7604;4,9492;0,2449;4,3725
24.12.2021;3,1607;3,4128;4,7589;4,949;0,2453;4,3655
23.12.2021;3,1638;3,4079;4,7496;4,9488;0,2456;4,3677
22.12.2021;3,1385;3,3951;4,7456;4,9489;0,2465;4,3815
21.12.2021;3,1265;3,3881;4,759;4,9491;0,2472;4,3821
20.12.2021;3,1215;3,4003;4,7537;4,9488;0,2467;4,3917
17.12.2021;3,1283;3,4119;4,7595;4,9492;0,2472;4,3703
16.12.2021;3,153;3,4256;4,7348;4,9491;0,2477;4,3793
15.12.2021;3,1299;3,4117;4,751;4,9489;0,2466;4,3937
14.12.2021;3,1153;3,4123;4,7572;4,9492;0,2477;4,3734
13.12.2021;3,1316;3,4444;4,7526;4,9491;0,2482;4,3933
10.12.2021;3,1406;3,4534;4,7488;4,949;0,2477;4,3923
09.12.2021;3,1301;3,4509;4,7448;4,9491;0,2486;4,3743
08.12.2021;3,122;3,4666;4,7448;4,9488;0,249;4,382
07.12.2021;3,115;3,4599;4,755;4,9485;0,2476;4,3946
06.12.2021;3,078;3,4205;4,75;4,9483;0,247;4,3786
03.12.2021;3,0868;3,4089;4,7595;4,9487;0,246;4,3767
02.12.2021;3,1039;3,4149;4,7466;4,949;0,2465;4,3688
29.11.2021;3,135;3,4429;4,7366;4,949;0,2474;4,3853
26.11.2021;3,1289;3,4377;4,7398;4,9491;0,2489;4,3869
25.11.2021;3,1697;3,4817;4,7253;4,949;0,2491;4,4097
24.11.2021;3,1843;3,4781;4,7159;4,9491;0,2488;4,4127
23.11.2021;3,1758;3,4518;4,72;4,9487;0,2483;4,3957
22.11.2021;3,1832;3,4707;4,7222;4,9491;0,2481;4,3863
19.11.2021;3,1715;3,4622;4,7253;4,949;0,2472;4,3793
18.11.2021;3,1789;3,4643;4,7089;4,9488;0,2479;4,3642
17.11.2021;3,1828;3,4803;4,7016;4,9491;0,2473;4,3747
16.11.2021;3,1961;3,4775;4,6936;4,9487;0,2454;4,3568
15.11.2021;3,1832;3,4506;4,6987;4,9489;0,2459;4,3218
12.11.2021;3,1548;3,4337;4,685;4,9476;0,2456;4,3235
11.11.2021;3,1479;3,4369;4,6916;4,9489;0,2441;4,3175
10.11.2021;3,1489;3,4419;4,6863;4,949;0,2434;4,2758
09.11.2021;3,1691;3,4328;4,6758;4,9482;0,2439;4,2688
08.11.2021;3,1676;3,4361;4,6761;4,9489;0,245;4,2772
05.11.2021;3,1626;3,4387;4,6819;4,9485;0,2446;4,2904
04.11.2021;3,1822;3,4515;4,6904;4,9486;0,2437;4,2852
03.11.2021;3,1789;3,44;4,6886;4,949;0,2435;4,2704
02.11.2021;3,1832;3,4379;4,6767;4,9487;0,2447;4,265
01.11.2021;3,2088;3,4565;4,6751;4,9488;0,2433;4,2769
29.10.2021;3,2009;3,4414;4,6615;4,9489;0,2434;4,2471
28.10.2021;3,208;3,4537;4,648;4,949;0,2433;4,2715
27.10.2021;3,2012;3,4383;4,6485;4,9486;0,243;4,2693
26.10.2021;3,1944;3,4423;4,628;4,9476;0,2435;4,2587
25.10.2021;3,1834;3,4405;4,6294;4,9472;0,2433;4,256
22.10.2021;3,1895;3,4449;4,6354;4,9467;0,2435;4,2501
21.10.2021;3,1804;3,4441;4,6231;4,947;0,2451;4,2484
20.10.2021;3,1873;3,4464;4,6067;4,9488;0,2455;4,257
19.10.2021;3,1704;3,4449;4,619;4,949;0,2468;4,2444
18.10.2021;3,1578;3,4476;4,6125;4,9481;0,2464;4,2724
15.10.2021;3,1622;3,4531;4,6171;4,9484;0,2467;4,2646
14.10.2021;3,1588;3,4425;4,6305;4,9488;0,2465;4,2627
13.10.2021;3,1481;3,4396;4,6147;4,949;0,2466;4,2828
12.10.2021;3,1542;3,4347;4,6172;4,9485;0,2462;4,2811
11.10.2021;3,1412;3,4376;4,6147;4,9486;0,2455;4,283
08.10.2021;3,1222;3,4098;4,6042;4,947;0,2449;4,2763
07.10.2021;3,1174;3,4014;4,6163;4,9475;0,245;4,2793
06.10.2021;3,1005;3,3937;4,6084;4,9483;0,2433;4,2859
05.10.2021;3,1047;3,3872;4,603;4,9485;0,2423;4,2659
04.10.2021;3,0981;3,3785;4,5866;4,9469;0,243;4,2609
01.10.2021;3,0918;3,3656;4,5833;4,9479;0,2426;4,2728
30.09.2021;3,0717;3,3516;4,5627;4,9471;0,2402;4,2653
29.09.2021;3,072;3,3445;4,5665;4,948;0,2396;4,2432
28.09.2021;3,0744;3,3509;4,567;4,9481;0,2388;4,2382
27.09.2021;3,072;3,3434;4,5605;4,9488;0,2383;4,2297
24.09.2021;3,0651;3,3246;4,57;4,9491;0,2386;4,2167
23.09.2021;3,0732;3,331;4,564;4,949;0,2383;4,2218
22.09.2021;3,057;3,2971;4,5738;4,9495;0,2386;4,2188
21.09.2021;3,0691;3,3056;4,5589;4,9485;0,2395;4,2171
20.09.2021;3,0571;3,2925;4,5341;4,9481;0,2382;4,2275
17.09.2021;3,0693;3,3177;4,5309;4,9473;0,2382;4,1999
16.09.2021;3,0753;3,3262;4,5494;4,9482;0,2369;4,2041
15.09.2021;3,0684;3,3026;4,5619;4,9481;0,2376;4,1843
14.09.2021;3,0705;3,3093;4,5425;4,9475;0,2393;4,1877
13.09.2021;3,0862;3,3111;4,5497;4,9444;0,2385;4,1944
10.09.2021;3,0886;3,3104;4,5595;4,9432;0,2385;4,1754
09.09.2021;3,0852;3,2968;4,5494;4,9482;0,2384;4,1824
08.09.2021;3,0859;3,3018;4,5483;4,9479;0,2367;4,1882
07.09.2021;3,0875;3,3154;4,5601;4,9488;0,2365;4,1693
06.09.2021;3,0989;3,3228;4,5534;4,9475;0,2356;4,1718
03.09.2021;3,0947;3,318;4,5526;4,9416;0,2352;4,1633
02.09.2021;3,0784;3,3071;4,5498;4,9386;0,2359;4,1672
01.09.2021;3,0632;3,3129;4,5549;4,9345;0,2366;4,1756
31.08.2021;3,0589;3,3172;4,568;4,9348;0,2374;4,1741
30.08.2021;3,0492;3,3148;4,5734;4,9349;0,2374;4,1837
27.08.2021;3,0453;3,3125;4,5728;4,9334;0,2373;4,197
26.08.2021;3,0414;3,3231;4,5724;4,9306;0,2372;4,1898
25.08.2021;3,0451;3,3281;4,5916;4,9284;0,2378;4,1938
24.08.2021;3,0365;3,3251;4,6047;4,9286;0,238;4,2001
23.08.2021;3,0201;3,3041;4,5895;4,9335;0,239;4,2079
20.08.2021;3,0079;3,2699;4,6037;4,9338;0,2392;4,2258
19.08.2021;3,0177;3,3056;4,6;4,9278;0,2394;4,2143
18.08.2021;3,0477;3,3291;4,6017;4,9259;0,2383;4,2021
17.08.2021;3,0467;3,3138;4,5898;4,9232;0,2373;4,1809
16.08.2021;3,0581;3,3226;4,5612;4,912;0,2371;4,1685
13.08.2021;3,0708;3,3417;4,5347;4,9118;0,2365;4,1811
12.08.2021;3,0812;3,3453;4,5404;4,9148;0,236;4,1849
11.08.2021;3,0753;3,348;4,5437;4,9158;0,2352;4,1972
10.08.2021;3,0732;3,3333;4,5496;4,9161;0,2346;4,1928
09.08.2021;3,069;3,3294;4,5591;4,9131;0,2332;4,1783
06.08.2021;3,0763;3,326;4,5827;4,9145;0,2326;4,1617
05.08.2021;3,0793;3,3214;4,582;4,9176;0,2323;4,1551
04.08.2021;3,0777;3,3104;4,5849;4,9184;0,2314;4,1486
03.08.2021;3,0591;3,307;4,5775;4,9183;0,2312;4,1388
02.08.2021;3,0432;3,3188;4,5687;4,9171;0,2311;4,1348
30.07.2021;3,0534;3,3243;4,5704;4,9198;0,2312;4,1348
29.07.2021;3,0668;3,3226;4,5608;4,9209;0,2322;4,1443
28.07.2021;3,0585;3,3133;4,5538;4,9197;0,2319;4,1624
27.07.2021;3,0726;3,3211;4,5481;4,9194;0,2311;4,1766
26.07.2021;3,0697;3,324;4,5451;4,9208;0,2314;4,1716
23.07.2021;3,0855;3,3284;4,5428;4,9219;0,2311;4,1823
22.07.2021;3,0827;3,3237;4,5474;4,9241;0,2323;4,174
21.07.2021;3,059;3,2985;4,5374;4,9247;0,2325;4,1843
20.07.2021;3,0584;3,2736;4,5497;4,9253;0,2328;4,1736
19.07.2021;3,0799;3,2757;4,5405;4,9262;0,2324;4,1824
16.07.2021;3,101;3,3153;4,5366;4,9274;0,2316;4,1687
15.07.2021;3,1067;3,3253;4,5593;4,9277;0,2317;4,1607
14.07.2021;3,1114;3,3416;4,5475;4,9283;0,2306;4,1792
13.07.2021;3,1131;3,3353;4,5428;4,9278;0,2303;4,1625
12.07.2021;3,1019;3,3279;4,5388;4,9275;0,2298;4,1566
09.07.2021;3,1003;3,3238;4,5468;4,9281;0,2303;4,1596
08.07.2021;3,0993;3,3172;4,5392;4,9268;0,2308;4,164
07.07.2021;3,1305;3,3479;4,5138;4,927;0,2304;4,1655
06.07.2021;3,1529;3,3682;4,5051;4,9265;0,2293;4,1619
05.07.2021;3,1253;3,3607;4,5047;4,9266;0,2309;4,1484
02.07.2021;3,1048;3,3524;4,496;4,9269;0,2306;4,166
01.07.2021;3,1117;3,351;4,4887;4,9261;0,2304;4,1555
30.06.2021;3,1081;3,3389;4,4913;4,9267;0,2302;4,1425
29.06.2021;3,1176;3,3447;4,4949;4,9262;0,2292;4,1357
28.06.2021;3,129;3,3509;4,4931;4,926;0,229;4,1256
25.06.2021;3,1301;3,3523;4,4985;4,9254;0,2292;4,1241
24.06.2021;3,123;3,3538;4,489;4,9242;0,2293;4,1233
23.06.2021;3,1205;3,3554;4,493;4,9259;0,2305;4,1259
22.06.2021;3,1077;3,3447;4,5003;4,9253;0,231;4,1431
18.06.2021;3,1162;3,3425;4,4992;4,925;0,2321;4,134
17.06.2021;3,1319;3,3467;4,5075;4,9242;0,2294;4,1226
16.06.2021;3,1307;3,3335;4,5194;4,9241;0,2296;4,062
15.06.2021;3,1225;3,3359;4,5208;4,9243;0,2294;4,0623
14.06.2021;3,1337;3,3408;4,5162;4,9188;0,2287;4,0604
11.06.2021;3,1386;3,3447;4,515;4,9202;0,2286;4,0467
10.06.2021;3,1304;3,3406;4,5131;4,9218;0,2282;4,0459
09.06.2021;3,1274;3,3405;4,509;4,9232;0,2287;4,0392
08.06.2021;3,1293;3,3467;4,5075;4,9229;0,2292;4,0446
07.06.2021;3,1365;3,3494;4,501;4,923;0,2303;4,048
04.06.2021;3,1147;3,3509;4,4939;4,9228;0,229;4,0636
03.06.2021;3,1217;3,3479;4,4872;4,9227;0,2294;4,0381
02.06.2021;3,12;3,3457;4,4808;4,9197;0,2285;4,04
31.05.2021;3,1222;3,3456;4,4854;4,9198;0,2294;4,0361
28.05.2021;3,1171;3,3371;4,4896;4,919;0,2286;4,0373
27.05.2021;3,1201;3,3296;4,4856;4,916;0,2277;4,0325
26.05.2021;3,1273;3,3287;4,4919;4,9225;0,2277;4,02
25.05.2021;3,1203;3,3377;4,4953;4,9246;0,228;4,0189
24.05.2021;3,1169;3,3446;4,4944;4,9261;0,2275;4,0356
21.05.2021;3,1282;3,3426;4,4942;4,9268;0,2277;4,0281
20.05.2021;3,1302;3,3324;4,4837;4,9265;0,2272;4,0426
19.05.2021;3,1255;3,3386;4,4778;4,9267;0,2272;4,0341
18.05.2021;3,144;3,351;4,4926;4,9268;0,228;4,0326
17.05.2021;3,1433;3,3465;4,4985;4,9256;0,2294;4,0527
14.05.2021;3,1478;3,3515;4,499;4,9253;0,2302;4,0683
13.05.2021;3,1468;3,3657;4,4948;4,9265;0,2288;4,0823
12.05.2021;3,1684;3,3591;4,4905;4,9263;0,2277;4,0599
11.05.2021;3,1777;3,3462;4,4882;4,9265;0,229;4,0491
10.05.2021;3,1884;3,3424;4,4955;4,9259;0,2293;4,0492
07.05.2021;3,1708;3,3476;4,4941;4,9262;0,2293;4,08
06.05.2021;3,1691;3,3386;4,4961;4,9266;0,2306;4,0881
05.05.2021;3,169;3,34;4,4827;4,9254;0,2308;4,1035
04.05.2021;3,1655;3,33;4,4825;4,9256;0,2295;4,1011
29.04.2021;3,161;3,3003;4,4687;4,9247;0,2288;4,0621
28.04.2021;3,1619;3,29;4,4586;4,927;0,228;4,0827
27.04.2021;3,1718;3,2893;4,4646;4,926;0,2272;4,0837
26.04.2021;3,1702;3,2672;4,4521;4,9238;0,2275;4,0694
23.04.2021;3,1584;3,2715;4,4639;4,9257;0,2272;4,0852
22.04.2021;3,1684;3,2737;4,4662;4,9255;0,2277;4,0911
21.04.2021;3,1665;3,2582;4,4735;4,926;0,2271;4,1031
20.04.2021;3,18;3,2656;4,4613;4,9279;0,2281;4,0872
19.04.2021;3,1848;3,2805;4,4797;4,9261;0,2296;4,0937
16.04.2021;3,1855;3,2874;4,473;4,9243;0,2303;4,112
15.04.2021;3,1865;3,2911;4,456;4,9245;0,2304;4,1111
14.04.2021;3,1662;3,2818;4,4688;4,9226;0,2314;4,118
13.04.2021;3,1519;3,2862;4,472;4,9225;0,2309;4,1367
12.04.2021;3,1544;3,2946;4,4728;4,9205;0,2308;4,1335
09.04.2021;3,1519;3,2864;4,4671;4,9212;0,2309;4,1382
08.04.2021;3,1653;3,2898;4,4653;4,9228;0,2301;4,1478
07.04.2021;3,1543;3,2841;4,4524;4,9168;0,2312;4,1372
06.04.2021;3,1687;3,3161;4,4347;4,917;0,2319;4,1629
05.04.2021;3,1901;3,3331;4,4393;4,9161;0,231;4,1871
02.04.2021;3,1724;3,3183;4,4304;4,9106;0,2313;4,1684
01.04.2021;3,1656;3,3256;4,4216;4,9117;0,2317;4,1836
31.03.2021;3,1974;3,3299;4,4513;4,9251;0,2331;4,1969
30.03.2021;3,1967;3,3274;4,4447;4,9156;0,232;4,1876
29.03.2021;3,1781;3,301;4,4321;4,8972;0,2315;4,157
26.03.2021;3,1575;3,2961;4,412;4,8869;0,231;4,1472
25.03.2021;3,1478;3,2951;4,4223;4,8864;0,2309;4,1361
24.03.2021;3,1482;3,2844;4,4191;4,8886;0,2305;4,1348
23.03.2021;3,1521;3,2684;4,4257;4,8888;0,23;4,1136
22.03.2021;3,1683;3,283;4,4274;4,885;0,2306;4,1026
19.03.2021;3,1845;3,2918;4,4229;4,8858;0,2301;4,1067
18.03.2021;3,1981;3,2999;4,4206;4,8876;0,2314;4,0931
17.03.2021;3,1738;3,293;4,4305;4,8879;0,2309;4,1042
16.03.2021;3,1644;3,2807;4,4248;4,8861;0,2313;4,0908
15.03.2021;3,1737;3,2879;4,4079;4,8846;0,231;4,0942
12.03.2021;3,1772;3,266;4,4038;4,8854;0,2304;4,0985
11.03.2021;3,1747;3,2456;4,4142;4,8854;0,2329;4,0832
10.03.2021;3,1623;3,247;4,4146;4,8863;0,2332;4,1084
09.03.2021;3,1633;3,2562;4,407;4,8849;0,2327;4,1036
08.03.2021;3,1502;3,2419;4,406;4,8838;0,2309;4,1118
05.03.2021;3,1352;3,2197;4,4065;4,8831;0,2309;4,0924
04.03.2021;3,1499;3,2009;4,388;4,8784;0,2302;4,0503
03.03.2021;3,155;3,1981;4,4048;4,8768;0,2314;4,0341
02.03.2021;3,1571;3,2041;4,4161;4,8747;0,2316;4,0535
01.03.2021;3,1315;3,1916;4,4299;4,8744;0,2309;4,0456
26.02.2021;3,1327;3,1817;4,4406;4,8745;0,2284;4,0209
25.02.2021;3,1869;3,1929;4,4025;4,8725;0,2291;3,9845
24.02.2021;3,1735;3,1892;4,4221;4,8743;0,2288;4,01
23.02.2021;3,1684;3,1795;4,4579;4,8745;0,2288;4,0118
22.02.2021;3,1656;3,1819;4,4703;4,8746;0,2288;4,0188
19.02.2021;3,1464;3,1748;4,493;4,8747;0,2313;4,0151
18.02.2021;3,1411;3,184;4,5014;4,8748;0,2324;4,0399
17.02.2021;3,13;3,181;4,5146;4,8746;0,2305;4,0403
16.02.2021;3,1249;3,1727;4,5147;4,8747;0,2309;4,0073
15.02.2021;3,124;3,1731;4,5101;4,8745;0,2306;4,0179
12.02.2021;3,1122;3,1601;4,5101;4,8743;0,2298;4,0259
11.02.2021;3,1103;3,1691;4,5133;4,8741;0,2293;4,0194
10.02.2021;3,107;3,1658;4,5115;4,8744;0,2296;4,0205
09.02.2021;3,1105;3,1631;4,5065;4,8745;0,2315;4,0247
08.02.2021;3,1015;3,1708;4,4973;4,874;0,2328;4,0514
05.02.2021;3,0983;3,1822;4,5081;4,8744;0,2334;4,07
04.02.2021;3,0982;3,1745;4,5069;4,8742;0,2333;4,0639
03.02.2021;3,0888;3,1695;4,5075;4,8713;0,2338;4,0532
02.02.2021;3,0821;3,1627;4,5097;4,8739;0,2331;4,0483
01.02.2021;3,0764;3,1512;4,5066;4,8728;0,2319;4,0346
29.01.2021;3,0769;3,1322;4,5231;4,8743;0,2328;4,0209
28.01.2021;3,0642;3,1303;4,5217;4,8742;0,2318;4,0233
27.01.2021;3,106;3,1592;4,5279;4,8745;0,231;4,0189
26.01.2021;3,0943;3,1518;4,519;4,8746;0,2297;4,0195
25.01.2021;3,0997;3,1569;4,5228;4,8744;0,2289;4,0105
22.01.2021;3,0904;3,1524;4,5255;4,874;0,23;4,0034
21.01.2021;3,1207;3,1808;4,5251;4,8738;0,231;4,0148
20.01.2021;3,1094;3,167;4,5221;4,8741;0,2318;4,0207
19.01.2021;3,0974;3,1593;4,5297;4,8742;0,2335;4,0186
18.01.2021;3,0975;3,162;4,5329;4,874;0,2326;4,0405
15.01.2021;3,1123;3,1655;4,5274;4,8737;0,2321;4,0172
14.01.2021;3,1106;3,1605;4,51;4,8728;0,2322;4,0058
13.01.2021;3,1005;3,1425;4,5059;4,8738;0,2327;4,0025
12.01.2021;3,0962;3,1443;4,5038;4,8715;0,2328;4,0088
11.01.2021;3,0901;3,1349;4,4964;4,8709;0,2296;4,0044
08.01.2021;3,0927;3,1372;4,4915;4,8704;0,2305;3,9791
07.01.2021;3,0762;3,1235;4,4971;4,8701;0,2305;3,9758
06.01.2021;3,085;3,1232;4,504;4,87;0,2305;3,9468
05.01.2021;3,0605;3,1139;4,5029;4,871;0,2305;3,9661
04.01.2021;3,064;3,1245;4,5036;4,8691;0,2308;3,9609
31.12.2020;3,0663;3,1127;4,4997;4,8694;0,2305;3,966
30.12.2020;3,0441;3,1053;4,4948;4,8744;0,231;3,971
29.12.2020;3,0234;3,1066;4,4926;4,8743;0,2318;3,9797
28.12.2020;3,031;3,1096;4,4808;4,8735;0,2318;3,9904
24.12.2020;3,0358;3,1113;4,4972;4,872;0,2317;3,9944
23.12.2020;3,0256;3,1059;4,4941;4,8705;0,2309;3,9971
22.12.2020;3,0007;3,09;4,4919;4,8649;0,2322;3,9774
21.12.2020;2,9992;3,0973;4,499;4,8663;0,2305;4,0068
18.12.2020;3,0201;3,1121;4,4969;4,8677;0,2313;3,9715
17.12.2020;3,0411;3,1352;4,5063;4,8697;0,232;3,9827
16.12.2020;3,0206;3,1283;4,5184;4,8684;0,2324;3,9889
15.12.2020;3,0127;3,1396;4,517;4,8686;0,2321;4,0039
14.12.2020;3,0326;3,1446;4,524;4,873;0,2326;4,0112
11.12.2020;3,0255;3,1454;4,5176;4,8693;0,2328;4,0156
10.12.2020;3,0141;3,1482;4,5284;4,8692;0,2321;4,0245
09.12.2020;3,0033;3,1409;4,5181;4,868;0,2321;4,0155
08.12.2020;2,9862;3,145;4,5173;4,8735;0,2324;4,0212
07.12.2020;2,9714;3,1407;4,5134;4,8733;0,2315;4,0252
04.12.2020;2,9702;3,1113;4,4931;4,8725;0,2325;4,0024
03.12.2020;2,9844;3,1104;4,5028;4,8736;0,2342;4,0226
02.12.2020;2,9817;3,125;4,4931;4,8721;0,2359;4,0434
27.11.2020;3,0148;3,1463;4,5081;4,8735;0,2376;4,0875
26.11.2020;3,0127;3,146;4,5042;4,8738;0,2382;4,0922
25.11.2020;3,0076;3,1484;4,4927;4,873;0,2387;4,0969
24.11.2020;3,0107;3,144;4,4902;4,8703;0,238;4,098
23.11.2020;3,0073;3,1427;4,507;4,8732;0,2388;4,1013
20.11.2020;2,9987;3,1476;4,5072;4,873;0,24;4,1103
19.11.2020;2,9935;3,142;4,5113;4,8729;0,2397;4,1193
18.11.2020;3,0047;3,1417;4,5089;4,8725;0,2398;4,1033
17.11.2020;3,0073;3,139;4,5088;4,8729;0,2407;4,1042
16.11.2020;2,9965;3,1353;4,5106;4,8715;0,2407;4,1132
13.11.2020;2,9906;3,1395;4,5031;4,869;0,2406;4,1184
12.11.2020;2,9964;3,1546;4,5078;4,8686;0,2415;4,1221
11.11.2020;3,0133;3,1696;4,4999;4,8678;0,2409;4,1316
10.11.2020;3,0039;3,1702;4,5022;4,8667;0,2386;4,1306
09.11.2020;2,9831;3,1489;4,5543;4,8674;0,2386;4,0987
06.11.2020;2,9838;3,1387;4,5503;4,8668;0,2396;4,0994
05.11.2020;2,9746;3,1397;4,5417;4,8657;0,2419;4,121
04.11.2020;2,9623;3,1522;4,5582;4,8672;0,2426;4,1637
03.11.2020;2,9604;3,1625;4,5427;4,8675;0,2444;4,1619
02.11.2020;2,9366;3,1392;4,551;4,8643;0,2443;4,1781
30.10.2020;2,9377;3,1343;4,5595;4,8743;0,2444;4,1768
29.10.2020;2,9308;3,1221;4,5641;4,8747;0,2439;4,1588
28.10.2020;2,9427;3,1357;4,5548;4,8746;0,2418;4,1525
27.10.2020;2,94;3,1311;4,5376;4,8741;0,2422;4,1264
26.10.2020;2,943;3,1294;4,5473;4,8731;0,2412;4,1224
23.10.2020;2,9418;3,1373;4,5485;4,8744;0,2417;4,1145
22.10.2020;2,9234;3,1317;4,5396;4,873;0,2412;4,1185
21.10.2020;2,9152;3,1387;4,5487;4,8737;0,2426;4,1135
20.10.2020;2,9072;3,1337;4,5467;4,8738;0,2436;4,1289
19.10.2020;2,9479;3,1466;4,5464;4,8746;0,2453;4,1456
16.10.2020;2,9456;3,1479;4,5483;4,8737;0,245;4,1622
15.10.2020;2,9449;3,1539;4,5503;4,8736;0,2441;4,1619
14.10.2020;2,9807;3,1644;4,5391;4,8734;0,2432;4,1566
13.10.2020;2,9739;3,1534;4,5387;4,8739;0,2432;4,1345
12.10.2020;2,9757;3,143;4,5287;4,8718;0,2433;4,129
09.10.2020;2,968;3,1355;4,5214;4,872;0,2445;4,1304
08.10.2020;2,9686;3,1325;4,5174;4,8741;0,2451;4,1468
07.10.2020;2,9532;3,1146;4,5163;4,8729;0,2449;4,1438
06.10.2020;2,9635;3,1194;4,5234;4,8742;0,2452;4,1366
05.10.2020;2,9753;3,1219;4,5226;4,8695;0,2456;4,1414
02.10.2020;2,9732;3,1208;4,5143;4,8718;0,2446;4,1551
01.10.2020;2,9839;3,1221;4,5231;4,8721;0,2451;4,1498
30.09.2020;2,9625;3,105;4,5043;4,8698;0,2456;4,1617
29.09.2020;2,9652;3,1197;4,5176;4,8738;0,2468;4,1678
28.09.2020;2,9469;3,1243;4,5108;4,8705;0,2481;4,1828
25.09.2020;2,9536;3,1318;4,5137;4,875;0,2497;4,1874
24.09.2020;2,9451;3,124;4,5207;4,8722;0,2494;4,1883
23.09.2020;2,9614;3,1184;4,5153;4,8641;0,2481;4,1529
22.09.2020;2,9854;3,1101;4,5183;4,859;0,2474;4,1404
21.09.2020;2,9961;3,1173;4,5057;4,8583;0,2467;4,1224
18.09.2020;2,9944;3,1126;4,5132;4,8582;0,2476;4,0972
17.09.2020;3,0064;3,1196;4,5228;4,8595;0,2462;4,1198
16.09.2020;3;3,108;4,5156;4,8586;0,2456;4,0908
15.09.2020;2,9933;3,1064;4,5068;4,8567;0,2456;4,0866
14.09.2020;2,9772;3,1069;4,5086;4,8573;0,2461;4,0974
11.09.2020;2,9853;3,106;4,5042;4,8567;0,2467;4,09
10.09.2020;2,9841;3,1188;4,5136;4,8573;0,2485;4,1038
09.09.2020;2,9868;3,1206;4,4972;4,859;0,2478;4,1269
08.09.2020;2,9851;3,1292;4,4765;4,8545;0,2474;4,1136
07.09.2020;2,9892;3,1311;4,4899;4,8552;0,2469;4,1033
04.09.2020;2,9837;3,1254;4,494;4,8492;0,2473;4,0915
03.09.2020;2,9888;3,1289;4,4952;4,8442;0,2457;4,094
02.09.2020;2,9966;3,1225;4,4784;4,8409;0,2426;4,079
01.09.2020;2,9832;3,1064;4,4703;4,8393;0,246;4,0395
31.08.2020;2,9876;3,1091;4,4918;4,8404;0,2462;4,0631
28.08.2020;2,9757;3,1123;4,5001;4,8387;0,2462;4,0672
27.08.2020;2,9703;3,115;4,5069;4,8424;0,2463;4,0959
26.08.2020;2,9493;3,1097;4,5042;4,8404;0,2462;4,0968
25.08.2020;2,9326;3,0966;4,5001;4,8392;0,2463;4,0915
24.08.2020;2,9392;3,1088;4,4973;4,8402;0,2469;4,089
21.08.2020;2,9439;3,1047;4,5;4,84;0,2457;4,0963
20.08.2020;2,9254;3,0945;4,4838;4,8396;0,2432;4,0882
19.08.2020;2,946;3,0838;4,4897;4,839;0,2435;4,055
18.08.2020;2,9364;3,0857;4,4844;4,8349;0,2435;4,0606
17.08.2020;2,932;3,0846;4,4957;4,8344;0,2445;4,079
14.08.2020;2,9293;3,0954;4,4986;4,8358;0,2444;4,102
13.08.2020;2,9265;3,0866;4,4894;4,8344;0,2471;4,0836
12.08.2020;2,9324;3,0904;4,4964;4,8357;0,2478;4,1087
11.08.2020;2,9441;3,0852;4,4909;4,8347;0,2487;4,1033
10.08.2020;2,9421;3,0721;4,4883;4,8359;0,2465;4,1129
07.08.2020;2,951;3,0641;4,4794;4,8375;0,2458;4,0949
06.08.2020;2,9313;3,0691;4,4904;4,8359;0,2456;4,0751
05.08.2020;2,942;3,0762;4,4832;4,8336;0,2467;4,0757
04.08.2020;2,9278;3,0629;4,4795;4,8341;0,2473;4,0976
03.08.2020;2,9242;3,0633;4,4859;4,8351;0,2441;4,1131
31.07.2020;2,9315;3,0379;4,4876;4,8316;0,2454;4,078
30.07.2020;2,9391;3,0646;4,4952;4,8321;0,2451;4,1089
29.07.2020;2,9535;3,0837;4,4925;4,8342;0,2446;4,1151
28.07.2020;2,9436;3,0793;4,4819;4,8335;0,2444;4,1189
27.07.2020;2,9389;3,0812;4,4812;4,8276;0,2462;4,1251
24.07.2020;2,9486;3,1032;4,5043;4,834;0,2463;4,1662
23.07.2020;2,9771;3,1188;4,4994;4,8353;0,2463;4,1734
22.07.2020;2,9954;3,1161;4,4909;4,8401;0,249;4,1942
21.07.2020;2,9916;3,1378;4,5092;4,8417;0,248;4,2317
20.07.2020;2,9579;3,1152;4,4992;4,8427;0,2483;4,2274
17.07.2020;2,9654;3,1245;4,5014;4,8428;0,2491;4,243
16.07.2020;2,9675;3,1417;4,4975;4,8429;0,248;4,2521
15.07.2020;2,9665;3,1202;4,5111;4,8433;0,2492;4,2377
14.07.2020;2,9616;3,1276;4,537;4,843;0,2495;4,2615
13.07.2020;2,9816;3,1547;4,5427;4,8423;0,2497;4,2788
10.07.2020;2,9826;3,1531;4,5555;4,8418;0,2488;4,2893
09.07.2020;2,9857;3,1657;4,5537;4,8408;0,2485;4,2716
08.07.2020;2,9776;3,1562;4,5591;4,8406;0,2478;4,2942
07.07.2020;2,9748;3,1643;4,5479;4,8397;0,2475;4,2964
06.07.2020;2,9826;3,1614;4,5467;4,8365;0,2494;4,2843
03.07.2020;2,9856;3,1736;4,5522;4,8378;0,2489;4,3085
02.07.2020;2,9652;3,1489;4,5376;4,8319;0,251;4,2813
01.07.2020;2,9757;3,1785;4,549;4,8372;0,2508;4,3114
30.06.2020;2,9562;3,1563;4,5393;4,8423;0,249;4,3233
29.06.2020;2,9578;3,1487;4,5446;4,8439;0,2496;4,2988
26.06.2020;2,9682;3,1604;4,5515;4,8421;0,2494;4,3141
25.06.2020;2,9688;3,1665;4,5477;4,8422;0,2469;4,3126
24.06.2020;2,9637;3,1592;4,5355;4,8432;0,247;4,286
23.06.2020;2,971;3,1726;4,5381;4,8428;0,2494;4,2916
22.06.2020;2,9695;3,1805;4,5432;4,8415;0,2503;4,3162
19.06.2020;2,9672;3,1785;4,5383;4,8421;0,2492;4,3181
18.06.2020;2,9592;3,1776;4,5311;4,8394;0,2495;4,2998
17.06.2020;2,9585;3,1765;4,5291;4,835;0,2477;4,3049
16.06.2020;2,9593;3,1481;4,5059;4,836;0,2496;4,2689
15.06.2020;2,9275;3,1491;4,5171;4,8337;0,2482;4,2959
12.06.2020;2,9459;3,1542;4,5104;4,834;0,2468;4,2713
11.06.2020;2,9505;3,1562;4,5129;4,8358;0,2461;4,2483
10.06.2020;2,9736;3,1742;4,4951;4,8338;0,2478;4,2555
09.06.2020;2,9658;3,1843;4,5008;4,8377;0,2459;4,2935
05.06.2020;2,9792;3,1647;4,4587;4,8393;0,2484;4,2695
04.06.2020;2,9737;3,1952;4,5005;4,8387;0,2477;4,3203
03.06.2020;2,978;3,1924;4,4819;4,8398;0,2477;4,3112
02.06.2020;2,9727;3,2062;4,5077;4,8419;0,2487;4,3293
29.05.2020;2,8967;3,1635;4,5273;4,8426;0,2496;4,3517
28.05.2020;2,91;3,1935;4,5368;4,8421;0,2484;4,3983
27.05.2020;2,9363;3,206;4,5436;4,8432;0,2496;4,4053
26.05.2020;2,9233;3,1804;4,5621;4,8415;0,2505;4,4172
25.05.2020;2,904;3,1766;4,5685;4,8396;0,2509;4,4406
22.05.2020;2,8989;3,1686;4,5692;4,8422;0,2483;4,4424
21.05.2020;2,8976;3,1724;4,5699;4,8425;0,2491;4,4163
20.05.2020;2,9035;3,1791;4,5738;4,8421;0,2479;4,4218
19.05.2020;2,8912;3,1735;4,5508;4,8395;0,2514;4,4192
18.05.2020;2,8857;3,183;4,6037;4,8392;0,2514;4,4783
15.05.2020;2,8908;3,1825;4,6018;4,839;0,2512;4,4768
14.05.2020;2,8872;3,1787;4,6004;4,8376;0,2485;4,4743
13.05.2020;2,8916;3,1772;4,5939;4,8349;0,2483;4,4578
12.05.2020;2,897;3,1858;4,5925;4,8297;0,2495;4,4639
11.05.2020;2,9047;3,1963;4,5901;4,8295;0,2498;4,461
08.05.2020;2,9048;3,1953;4,5859;4,8278;0,2517;4,4545
07.05.2020;2,8874;3,1747;4,5825;4,8242;0,251;4,4695
06.05.2020;2,8734;3,1793;4,5857;4,8258;0,2488;4,4708
05.05.2020;2,8651;3,1648;4,5892;4,829;0,2459;4,4515
04.05.2020;2,8365;3,1361;4,588;4,8387;0,2479;4,424
30.04.2020;2,9135;3,211;4,5838;4,8421;0,2494;4,4541
29.04.2020;2,9053;3,1999;4,5833;4,8425;0,2472;4,459
28.04.2020;2,8934;3,1892;4,5744;4,8436;0,2445;4,452
27.04.2020;2,8805;3,1736;4,5828;4,836;0,2442;4,46
24.04.2020;2,8639;3,1946;4,6047;4,8412;0,2458;4,4984
23.04.2020;2,8511;3,1753;4,6058;4,8414;0,2455;4,4926
22.04.2020;2,8233;3,1508;4,5971;4,8382;0,2494;4,4536
21.04.2020;2,8029;3,132;4,5979;4,8345;0,251;4,4605
16.04.2020;2,7988;3,1538;4,5981;4,836;0,2497;4,4524
15.04.2020;2,8012;3,1535;4,5883;4,8345;0,2475;4,4215
14.04.2020;2,8195;3,176;4,5831;4,8327;0,2474;4,415
13.04.2020;2,8036;3,1634;4,5708;4,8297;0,2443;4,4155
10.04.2020;2,8005;3,1617;4,5706;4,8277;0,2433;4,4115
09.04.2020;2,7631;3,1585;4,5746;4,8278;0,2398;4,4355
08.04.2020;2,7355;3,1721;4,5796;4,8338;0,2393;4,4477
07.04.2020;2,7427;3,1682;4,5663;4,8314;0,24;4,4445
06.04.2020;2,7111;3,1671;4,5696;4,828;0,241;4,4671
03.04.2020;2,6811;3,1524;4,5775;4,8286;0,24;4,4674
02.04.2020;2,6946;3,1285;4,5682;4,8288;0,2406;4,4163
01.04.2020;2,6776;3,0976;4,5646;4,8246;0,2417;4,4133
31.03.2020;2,6973;3,0901;4,5607;4,8254;0,2399;4,3983
30.03.2020;2,6826;3,095;4,5656;4,8297;0,2426;4,3637
27.03.2020;2,6686;3,1169;4,5616;4,8332;0,2444;4,389
26.03.2020;2,6396;3,1262;4,5454;4,8345;0,2484;4,4143
25.03.2020;2,6955;3,1099;4,5573;4,8367;0,247;4,4722
24.03.2020;2,6521;3,0983;4,5789;4,8445;0,2523;4,458
23.03.2020;2,602;3,1287;4,5972;4,8443;0,2516;4,5316
20.03.2020;2,6774;3,1718;4,5964;4,8444;0,252;4,514
19.03.2020;2,5643;3,0876;4,5934;4,844;0,2467;4,4864
18.03.2020;2,6134;3,0746;4,5911;4,8438;0,2483;4,4027
17.03.2020;2,6406;3,1165;4,5885;4,8448;0,2456;4,388
16.03.2020;2,6682;3,1061;4,5699;4,8242;0,2455;4,3202
13.03.2020;2,7186;3,1269;4,5643;4,8174;0,245;4,3155
12.03.2020;2,7444;3,107;4,5662;4,8157;0,2441;4,2856
11.03.2020;2,776;3,108;4,5447;4,8167;0,2443;4,2539
10.03.2020;2,7811;3,1074;4,5424;4,817;0,2424;4,2433
09.03.2020;2,7874;3,0958;4,5506;4,8184;0,244;4,2182
06.03.2020;2,8254;3,1719;4,5385;4,811;0,2469;4,2534
05.03.2020;2,8532;3,2118;4,517;4,8086;0,2472;4,3072
04.03.2020;2,8537;3,2293;4,5143;4,8057;0,2465;4,3126
03.03.2020;2,84;3,2398;4,5138;4,8074;0,2452;4,3263
02.03.2020;2,8421;3,2509;4,5161;4,8103;0,2472;4,3389
28.02.2020;2,8419;3,2425;4,5243;4,8127;0,2475;4,3601
27.02.2020;2,8889;3,2949;4,5223;4,8068;0,2473;4,3926
26.02.2020;2,9024;3,3222;4,5312;4,8074;0,2484;4,4186
25.02.2020;2,9273;3,3345;4,5355;4,8079;0,2489;4,4355
24.02.2020;2,9261;3,3365;4,5257;4,8024;0,2493;4,4395
21.02.2020;2,9317;3,3532;4,5258;4,8026;0,2503;4,4462
20.02.2020;2,936;3,342;4,5078;4,7834;0,2506;4,4307
19.02.2020;2,9619;3,3425;4,4982;4,7789;0,2502;4,4241
18.02.2020;2,9491;3,3289;4,4986;4,78;0,2499;4,4131
17.02.2020;2,9596;3,3277;4,4844;4,7748;0,2491;4,4026
14.02.2020;2,9555;3,3226;4,484;4,7694;0,248;4,4
13.02.2020;2,9459;3,3032;4,4812;4,7646;0,2471;4,379
12.02.2020;2,9435;3,2896;4,4797;4,7662;0,2478;4,3661
11.02.2020;2,9302;3,2868;4,4712;4,7696;0,2482;4,3692
10.02.2020;2,9146;3,2749;4,4529;4,7668;0,2491;4,3528
07.02.2020;2,9042;3,2686;4,4561;4,7642;0,2485;4,3499
06.02.2020;2,9209;3,2608;4,4469;4,7651;0,2485;4,3311
05.02.2020;2,9335;3,2654;4,4566;4,7768;0,2481;4,3347
04.02.2020;2,8996;3,2548;4,4647;4,7779;0,2478;4,3227
03.02.2020;2,8904;3,2614;4,4773;4,7788;0,2478;4,3181
31.01.2020;2,8997;3,2715;4,4691;4,7779;0,2476;4,3309
30.01.2020;2,9203;3,2813;4,4657;4,779;0,2472;4,3384
29.01.2020;2,9311;3,2952;4,4536;4,7769;0,2464;4,3418
28.01.2020;2,926;3,2865;4,4767;4,7787;0,2452;4,3378
27.01.2020;2,9361;3,2877;4,4707;4,7798;0,2443;4,3348
23.01.2020;2,9606;3,2738;4,4487;4,779;0,2442;4,3101
22.01.2020;2,9497;3,2982;4,4378;4,7786;0,2444;4,3095
21.01.2020;2,9519;3,2939;4,4503;4,779;0,2456;4,3042
20.01.2020;2,9587;3,2979;4,4485;4,7788;0,2458;4,3105
17.01.2020;2,9663;3,2954;4,4485;4,7792;0,2454;4,2976
16.01.2020;2,9639;3,2852;4,4492;4,7795;0,2459;4,2831
15.01.2020;2,9574;3,2827;4,4445;4,7798;0,247;4,2932
14.01.2020;2,96;3,2847;4,4309;4,7794;0,2474;4,2928
13.01.2020;2,9647;3,2917;4,4192;4,7791;0,2486;4,2993
10.01.2020;2,9624;3,2956;4,4175;4,7795;0,2494;4,3088
09.01.2020;2,9507;3,295;4,416;4,7774;0,2491;4,3001
08.01.2020;2,9483;3,2993;4,4161;4,7776;0,2486;4,2923
07.01.2020;2,9404;3,2921;4,3995;4,775;0,2485;4,2741
06.01.2020;2,9664;3,2896;4,4033;4,776;0,2485;4,2658
03.01.2020;2,9778;3,305;4,4084;4,7789;0,2487;4,2922
31.12.2019;2,9874;3,2702;4,4033;4,7793;0,2481;4,2608
30.12.2019;2,9866;3,2679;4,39;4,7785;0,2488;4,2698
27.12.2019;2,9889;3,277;4,3919;4,7799;0,2495;4,29
24.12.2019;2,985;3,2795;4,3942;4,7794;0,2494;4,3168
23.12.2019;2,9797;3,2733;4,3883;4,7716;0,2489;4,3036
20.12.2019;2,9629;3,2707;4,3797;4,7736;0,2485;4,2951
19.12.2019;2,9468;3,2686;4,3734;4,774;0,2487;4,288
18.12.2019;2,9406;3,263;4,3786;4,7773;0,248;4,2911
17.12.2019;2,9332;3,2514;4,3607;4,7769;0,2481;4,2831
16.12.2019;2,9521;3,2647;4,3622;4,7781;0,247;4,2878
13.12.2019;2,9562;3,2491;4,3448;4,7786;0,2478;4,2746
12.12.2019;2,9552;3,2598;4,3703;4,7791;0,2487;4,2931
11.12.2019;2,9476;3,2578;4,3785;4,7794;0,2485;4,3124
10.12.2019;2,9402;3,2596;4,3771;4,7787;0,248;4,3149
09.12.2019;2,9453;3,2552;4,359;4,7777;0,2471;4,3149
06.12.2019;2,9491;3,268;4,3582;4,7785;0,2465;4,3069
05.12.2019;2,9417;3,268;4,3562;4,7764;0,2465;4,3067
04.12.2019;2,9442;3,2462;4,362;4,7744;0,2463;4,3117
03.12.2019;2,952;3,243;4,3584;4,7762;0,2478;4,3143
02.12.2019;2,9446;3,2659;4,34;4,7777;0,2484;4,3378
29.11.2019;2,9428;3,2672;4,3443;4,7781;0,2489;4,3425
28.11.2019;2,9366;3,2638;4,3461;4,7788;0,2493;4,3394
27.11.2019;2,946;3,2731;4,3505;4,7792;0,2494;4,3422
26.11.2019;2,9381;3,2563;4,3472;4,7765;0,2495;4,3356
25.11.2019;2,9412;3,2574;4,3441;4,7722;0,2477;4,3325
22.11.2019;2,9307;3,2492;4,3412;4,7729;0,247;4,316
21.11.2019;2,9372;3,2435;4,3531;4,7808;0,2478;4,3144
20.11.2019;2,9407;3,2436;4,3546;4,7776;0,2464;4,3172
19.11.2019;2,942;3,2666;4,3522;4,7759;0,2462;4,3145
18.11.2019;2,9383;3,2645;4,3586;4,7729;0,2457;4,3159
15.11.2019;2,9313;3,2621;4,3685;4,7667;0,2467;4,3224
14.11.2019;2,9446;3,2672;4,3832;4,7669;0,2472;4,3343
13.11.2019;2,9526;3,2602;4,3682;4,7635;0,2477;4,3251
12.11.2019;2,9525;3,2599;4,341;4,7619;0,2477;4,3202
11.11.2019;2,9613;3,2645;4,3386;4,7627;0,248;4,3164
08.11.2019;2,9625;3,2672;4,3304;4,7615;0,2468;4,3137
07.11.2019;2,9651;3,2615;4,3288;4,7597;0,2465;4,2932
06.11.2019;2,9638;3,2633;4,3255;4,7626;0,2455;4,2949
05.11.2019;2,9574;3,2578;4,3138;4,754;0,2437;4,2742
04.11.2019;2,9435;3,2383;4,3104;4,755;0,2434;4,26
01.11.2019;2,9426;3,2411;4,3217;4,7545;0,2432;4,267
31.10.2019;2,9396;3,2368;4,3163;4,7576;0,2442;4,2614
30.10.2019;2,9388;3,2706;4,312;4,7572;0,2448;4,2765
29.10.2019;2,938;3,2861;4,3111;4,7567;0,2447;4,2927
28.10.2019;2,9279;3,2838;4,309;4,7569;0,2447;4,2876
25.10.2019;2,9197;3,2756;4,3151;4,7563;0,2454;4,2784
24.10.2019;2,9172;3,2651;4,3115;4,7528;0,2461;4,2708
23.10.2019;2,9308;3,2698;4,3275;4,76;0,2458;4,2821
22.10.2019;2,9315;3,2665;4,3205;4,7601;0,2458;4,2726
21.10.2019;2,9314;3,2512;4,326;4,7592;0,2457;4,2607
18.10.2019;2,9202;3,2526;4,3243;4,7556;0,2458;4,2732
17.10.2019;2,9162;3,2461;4,3002;4,755;0,2469;4,2719
16.10.2019;2,9024;3,2601;4,3166;4,7537;0,2464;4,3082
15.10.2019;2,9196;3,2618;4,3241;4,7524;0,2452;4,3164
14.10.2019;2,9096;3,2569;4,3279;4,7536;0,2451;4,3072
11.10.2019;2,933;3,2538;4,3262;4,7582;0,2453;4,3186
10.10.2019;2,913;3,2379;4,3427;4,7498;0,2454;4,3074
09.10.2019;2,9183;3,252;4,3526;4,7502;0,2447;4,3252
08.10.2019;2,917;3,2471;4,3565;4,7479;0,2443;4,3212
07.10.2019;2,9144;3,2481;4,3542;4,7472;0,2439;4,3268
04.10.2019;2,9209;3,2448;4,3441;4,7483;0,2444;4,3241
03.10.2019;2,9124;3,2517;4,3318;4,7483;0,2452;4,3361
02.10.2019;2,9065;3,2846;4,3519;4,7499;0,2458;4,3519
01.10.2019;2,9214;3,2845;4,3555;4,7512;0,2454;4,3605
30.09.2019;2,9363;3,2838;4,3759;4,7511;0,245;4,3488
27.09.2019;2,9379;3,2799;4,3806;4,7505;0,2449;4,3479
26.09.2019;2,9333;3,2759;4,3667;4,746;0,2429;4,3418
25.09.2019;2,9255;3,2543;4,3757;4,7439;0,2437;4,3132
24.09.2019;2,9271;3,2575;4,3634;4,7485;0,2444;4,3174
23.09.2019;2,9291;3,2525;4,3658;4,7491;0,244;4,3248
20.09.2019;2,9158;3,2356;4,3319;4,7432;0,243;4,2921
19.09.2019;2,9113;3,2243;4,3236;4,7415;0,2428;4,2846
18.09.2019;2,93;3,2327;4,3067;4,7354;0,2425;4,2876
17.09.2019;2,9372;3,2423;4,3226;4,7352;0,2416;4,2979
16.09.2019;2,9454;3,2282;4,3235;4,734;0,2403;4,2803
13.09.2019;2,9333;3,2267;4,3212;4,7354;0,2426;4,2654
12.09.2019;2,9555;3,2555;4,3363;4,7363;0,2427;4,2946
11.09.2019;2,9483;3,264;4,3231;4,734;0,2408;4,2933
10.09.2019;2,9388;3,2506;4,3282;4,7318;0,2403;4,2843
09.09.2019;2,9443;3,257;4,3296;4,732;0,2395;4,2862
06.09.2019;2,9339;3,2476;4,3338;4,7332;0,239;4,2908
05.09.2019;2,9184;3,2447;4,3596;4,73;0,2406;4,2827
04.09.2019;2,9142;3,2236;4,3571;4,7272;0,2431;4,2926
03.09.2019;2,9039;3,2328;4,3644;4,7273;0,2429;4,3195
02.09.2019;2,8974;3,2315;4,3452;4,723;0,2406;4,3089
30.08.2019;2,8784;3,2205;4,3323;4,7294;0,2395;4,2827
29.08.2019;2,8791;3,2137;4,3403;4,7277;0,238;4,2688
28.08.2019;2,8753;3,2055;4,3425;4,7305;0,2386;4,2638
27.08.2019;2,8804;3,2192;4,3477;4,7322;0,239;4,2606
26.08.2019;2,8777;3,1991;4,3395;4,7251;0,2387;4,2521
23.08.2019;2,8854;3,2064;4,3268;4,7216;0,2385;4,2706
22.08.2019;2,885;3,2083;4,3396;4,726;0,2392;4,2652
21.08.2019;2,892;3,2022;4,346;4,7274;0,2407;4,2601
20.08.2019;2,8919;3,2029;4,3593;4,7305;0,2418;4,2682
19.08.2019;2,8836;3,2112;4,3494;4,7284;0,2432;4,2575
16.08.2019;2,8909;3,2083;4,3506;4,7274;0,2422;4,2656
14.08.2019;2,8561;3,1887;4,3355;4,7216;0,2405;4,2238
13.08.2019;2,8507;3,1798;4,3543;4,727;0,2406;4,2173
12.08.2019;2,8548;3,1928;4,3428;4,7265;0,2398;4,2265
09.08.2019;2,8737;3,1916;4,3376;4,7273;0,2387;4,2184
08.08.2019;2,8627;3,1759;4,3268;4,7307;0,2376;4,2197
07.08.2019;2,8489;3,1835;4,3214;4,7309;0,2365;4,2308
06.08.2019;2,8681;3,2013;4,3355;4,7311;0,2371;4,225
05.08.2019;2,8692;3,2071;4,3556;4,7334;0,2391;4,2454
02.08.2019;2,8962;3,2247;4,3251;4,734;0,2406;4,2647
01.08.2019;2,9361;3,2434;4,3072;4,7317;0,2389;4,2858
31.07.2019;2,9276;3,2301;4,2861;4,7336;0,2394;4,2469
30.07.2019;2,9243;3,2201;4,2847;4,7301;0,2406;4,2441
29.07.2019;2,9352;3,2255;4,2873;4,7278;0,241;4,2493
26.07.2019;2,9392;3,2173;4,2779;4,7273;0,2414;4,2407
25.07.2019;2,9577;3,2319;4,2986;4,7218;0,2415;4,2434
24.07.2019;2,9571;3,224;4,2992;4,7194;0,2409;4,2368
23.07.2019;2,9652;3,2139;4,288;4,7204;0,2397;4,2231
22.07.2019;2,9641;3,2263;4,2861;4,7231;0,2392;4,2103
19.07.2019;2,9707;3,2289;4,28;4,7315;0,2395;4,2103
18.07.2019;2,9632;3,2277;4,2744;4,7326;0,239;4,2139
17.07.2019;2,959;3,2327;4,2663;4,7345;0,2385;4,2201
16.07.2019;2,9618;3,2269;4,2801;4,734;0,2368;4,2129
15.07.2019;2,9511;3,2205;4,2702;4,732;0,2368;4,195
12.07.2019;2,9381;3,2242;4,2588;4,7317;0,2358;4,2032
11.07.2019;2,9324;3,2203;4,26;4,7339;0,2365;4,1997
10.07.2019;2,92;3,2138;4,2533;4,7337;0,2366;4,2171
09.07.2019;2,9244;3,2135;4,2415;4,7269;0,2355;4,2191
08.07.2019;2,9363;3,2154;4,2422;4,7214;0,234;4,2054
05.07.2019;2,9451;3,2106;4,2485;4,7245;0,2332;4,1951
04.07.2019;2,9383;3,202;4,2438;4,724;0,232;4,1863
03.07.2019;2,9414;3,2014;4,2569;4,7356;0,2322;4,1943
02.07.2019;2,925;3,1884;4,2411;4,7352;0,231;4,1838
01.07.2019;2,9245;3,1893;4,2502;4,7328;0,2296;4,1804
28.06.2019;2,9138;3,1755;4,2649;4,7351;0,2293;4,1587
27.06.2019;2,9055;3,1633;4,2433;4,7224;0,2288;4,1521
26.06.2019;2,9032;3,1585;4,2531;4,7199;0,2281;4,1541
25.06.2019;2,8901;3,1482;4,2506;4,7205;0,2276;4,1484
24.06.2019;2,8808;3,1441;4,2507;4,7223;0,2294;4,1455
21.06.2019;2,8898;3,1688;4,2522;4,7233;0,2294;4,1795
20.06.2019;2,8962;3,1686;4,2397;4,7287;0,2318;4,1834
19.06.2019;2,9004;3,1548;4,2262;4,726;0,2318;4,2193
18.06.2019;2,8905;3,1455;4,2222;4,7249;0,2315;4,2241
14.06.2019;2,8912;3,1421;4,2095;4,7228;0,2301;4,1899
13.06.2019;2,8888;3,1413;4,212;4,7227;0,2301;4,1833
12.06.2019;2,8986;3,1349;4,2043;4,7229;0,2308;4,1696
11.06.2019;2,9019;3,1472;4,2076;4,7232;0,2306;4,1724
10.06.2019;2,9088;3,1454;4,2121;4,7182;0,2312;4,1747
07.06.2019;2,9179;3,1348;4,2121;4,719;0,2317;4,1887
06.06.2019;2,9309;3,1333;4,2224;4,7183;0,2306;4,1995
05.06.2019;2,9361;3,1371;4,2279;4,7295;0,2307;4,1937
04.06.2019;2,9388;3,1332;4,2364;4,7348;0,2326;4,2093
03.06.2019;2,9515;3,1449;4,2512;4,745;0,2339;4,2472
31.05.2019;2,945;3,1439;4,2412;4,7487;0,2345;4,2591
30.05.2019;2,9605;3,1655;4,2312;4,7582;0,2353;4,2709
29.05.2019;2,951;3,1584;4,243;4,7607;0,2353;4,2678
28.05.2019;2,946;3,1608;4,2383;4,7619;0,2356;4,2538
27.05.2019;2,944;3,1621;4,2288;4,7601;0,2357;4,2518
24.05.2019;2,9369;3,1633;4,2429;4,7612;0,2371;4,256
23.05.2019;2,9372;3,174;4,2363;4,7601;0,237;4,2755
22.05.2019;2,9394;3,1839;4,2211;4,7625;0,2379;4,2638
21.05.2019;2,9388;3,1818;4,2298;4,7627;0,238;4,2726
20.05.2019;2,9528;3,1737;4,2267;4,7607;0,2376;4,2653
17.05.2019;2,934;3,1616;4,2197;4,7621;0,2369;4,2658
16.05.2019;2,9411;3,1661;4,2091;4,7616;0,2371;4,2452
15.05.2019;2,9407;3,1536;4,2221;4,7615;0,2364;4,2506
14.05.2019;2,9426;3,1473;4,2038;4,7616;0,2365;4,2367
13.05.2019;2,9578;3,1548;4,1987;4,7607;0,2374;4,2357
10.05.2019;2,9634;3,1482;4,176;4,7584;0,2375;4,2344
09.05.2019;2,9669;3,1545;4,177;4,7599;0,2375;4,2526
08.05.2019;2,9761;3,1524;4,1752;4,7578;0,2374;4,2471
07.05.2019;2,982;3,1605;4,1707;4,7586;0,2387;4,2486
06.05.2019;2,9698;3,1533;4,1736;4,7552;0,2373;4,2482
03.05.2019;2,9823;3,1662;4,177;4,7561;0,2373;4,264
02.05.2019;2,9843;3,1581;4,1657;4,7579;0,2388;4,2468
30.04.2019;2,9945;3,1573;4,1678;4,7582;0,2389;4,244
25.04.2019;2,9934;3,1625;4,1831;4,7581;0,2375;4,2739
24.04.2019;2,987;3,154;4,1644;4,756;0,2362;4,2421
23.04.2019;3,0067;3,1617;4,1488;4,7581;0,2365;4,2268
22.04.2019;3,0188;3,1659;4,1689;4,7584;0,2363;4,2306
19.04.2019;3,0277;3,1661;4,1761;4,7607;0,2362;4,2327
18.04.2019;3,0296;3,1654;4,185;4,7619;0,2355;4,2322
17.04.2019;3,031;3,161;4,1761;4,7622;0,2363;4,2114
16.04.2019;3,0125;3,1503;4,1939;4,7599;0,2368;4,2168
15.04.2019;3,0196;3,1556;4,199;4,7619;0,2385;4,2072
12.04.2019;3,0117;3,156;4,2032;4,7587;0,2406;4,2071
11.04.2019;3,0203;3,1597;4,2126;4,7596;0,2406;4,2201
10.04.2019;3,0216;3,1695;4,2203;4,7611;0,2417;4,2223
09.04.2019;3,0138;3,1696;4,2198;4,7526;0,2423;4,2157
08.04.2019;3,0031;3,1605;4,2287;4,7507;0,2426;4,2277
05.04.2019;3,0119;3,166;4,2291;4,7508;0,2428;4,2303
04.04.2019;3,0112;3,1696;4,2405;4,7542;0,243;4,2354
03.04.2019;3,0135;3,1803;4,2451;4,7585;0,2442;4,2296
02.04.2019;3,0066;3,1888;4,2533;4,7614;0,2442;4,2499
01.04.2019;3,0171;3,1731;4,2635;4,7625;0,2444;4,2371
29.03.2019;3,0046;3,1599;4,2614;4,7628;0,2451;4,2434
28.03.2019;3,0009;3,1518;4,2512;4,7603;0,2441;4,2312
27.03.2019;2,9958;3,1504;4,2516;4,762;0,2433;4,2209
26.03.2019;2,9955;3,1375;4,2296;4,7564;0,2435;4,2005
25.03.2019;2,979;3,1324;4,2284;4,7538;0,2437;4,2013
22.03.2019;2,9804;3,1385;4,2187;4,7509;0,2425;4,1988
21.03.2019;2,9803;3,1357;4,2011;4,7558;0,2428;4,1758
20.03.2019;2,9742;3,1438;4,1976;4,7607;0,2434;4,1939
19.03.2019;2,9738;3,1465;4,189;4,7564;0,2433;4,1881
18.03.2019;2,9732;3,142;4,1854;4,7525;0,2442;4,1872
15.03.2019;2,9742;3,1558;4,1835;4,7569;0,2452;4,2031
14.03.2019;2,9673;3,1606;4,1946;4,764;0,2464;4,2131
13.03.2019;2,9775;3,1566;4,192;4,7632;0,2476;4,2175
12.03.2019;2,9852;3,1501;4,1838;4,7568;0,2477;4,2215
11.03.2019;2,9756;3,1492;4,1875;4,7516;0,246;4,2257
08.03.2019;2,9695;3,14;4,185;4,741;0,2455;4,2261
07.03.2019;2,9554;3,1237;4,1769;4,7448;0,2457;4,1943
06.03.2019;2,9517;3,1397;4,1802;4,7473;0,2449;4,201
05.03.2019;2,9684;3,1421;4,1913;4,7506;0,2448;4,1933
04.03.2019;2,9609;3,1425;4,1769;4,7397;0,2428;4,1815
01.03.2019;2,9643;3,1739;4,1753;4,7433;0,242;4,1707
28.02.2019;2,9658;3,1561;4,18;4,7416;0,2425;4,1584
27.02.2019;2,9814;3,1667;4,1734;4,7408;0,2433;4,1591
26.02.2019;2,9966;3,171;4,188;4,7617;0,2444;4,1885
25.02.2019;3,0038;3,191;4,1939;4,7594;0,245;4,1876
22.02.2019;2,9841;3,1775;4,1953;4,7619;0,2449;4,1988
21.02.2019;2,9815;3,1792;4,1867;4,7559;0,245;4,1941
20.02.2019;3,001;3,1818;4,1895;4,7576;0,2462;4,1938
19.02.2019;2,9866;3,1684;4,1805;4,748;0,2447;4,1981
18.02.2019;2,9935;3,1615;4,1713;4,7401;0,2454;4,185
15.02.2019;2,9833;3,1625;4,1734;4,7383;0,2454;4,2016
14.02.2019;2,9907;3,173;4,1743;4,7451;0,2446;4,21
13.02.2019;2,9809;3,1675;4,1674;4,7435;0,2455;4,1917
12.02.2019;2,9771;3,1668;4,1716;4,7412;0,2448;4,2023
11.02.2019;2,9736;3,1607;4,1843;4,7437;0,2445;4,1969
08.02.2019;2,9648;3,1434;4,1774;4,7445;0,2449;4,185
07.02.2019;2,9706;3,1581;4,1719;4,7391;0,2435;4,1819
06.02.2019;2,9693;3,1541;4,1626;4,7427;0,2431;4,1619
05.02.2019;3,0099;3,17;4,1507;4,744;0,2427;4,1547
04.02.2019;3,0033;3,1728;4,1636;4,7546;0,2429;4,1532
01.02.2019;3,0085;3,1528;4,1749;4,7517;0,2421;4,1433
31.01.2019;2,9991;3,1401;4,1557;4,7348;0,2422;4,1265
30.01.2019;2,9954;3,1434;4,1768;4,7555;0,2432;4,16
29.01.2019;2,9821;3,1377;4,193;4,7601;0,2439;4,16
28.01.2019;2,9976;3,1564;4,2076;4,7628;0,2453;4,1739
25.01.2019;2,9867;3,1552;4,2213;4,7648;0,2454;4,2034
23.01.2019;2,9896;3,1447;4,1946;4,7569;0,2446;4,1883
22.01.2019;2,9562;3,1151;4,1621;4,7142;0,242;4,1491
21.01.2019;2,9627;3,1147;4,1501;4,7081;0,2408;4,1377
18.01.2019;2,9602;3,1066;4,1441;4,6975;0,2402;4,1192
17.01.2019;2,9479;3,0976;4,1453;4,689;0,24;4,1126
16.01.2019;2,9474;3,0946;4,1555;4,683;0,239;4,1063
15.01.2019;2,9503;3,0898;4,1553;4,6822;0,2383;4,0973
14.01.2019;2,9339;3,0729;4,1524;4,6771;0,237;4,0802
11.01.2019;2,934;3,0766;4,1309;4,6782;0,2368;4,0586
10.01.2019;2,9143;3,0706;4,1537;4,6764;0,2376;4,0573
09.01.2019;2,9231;3,0816;4,1614;4,6722;0,2379;4,0803
08.01.2019;2,905;3,0702;4,1584;4,667;0,2391;4,0772
07.01.2019;2,905;3,0508;4,1495;4,6634;0,2389;4,0766
04.01.2019;2,8827;3,0413;4,1423;4,6647;0,2389;4,092
03.01.2019;2,858;3,0141;4,1529;4,6656;0,2384;4,1016
31.12.2018;2,8746;2,9925;4,1404;4,6639;0,2389;4,0736
28.12.2018;2,8666;2,9851;4,138;4,6581;0,2386;4,0616
27.12.2018;2,8721;2,9944;4,1145;4,6471;0,2373;4,0744
24.12.2018;2,872;2,9978;4,0925;4,6413;0,234;4,0686
21.12.2018;2,8814;3,0075;4,1082;4,6458;0,2342;4,0688
20.12.2018;2,9001;3,0171;4,1148;4,6598;0,236;4,061
19.12.2018;2,9395;3,0329;4,1124;4,6571;0,2362;4,0846
18.12.2018;2,9371;3,0443;4,1177;4,6478;0,2368;4,082
17.12.2018;2,9468;3,0695;4,1251;4,655;0,2388;4,1067
14.12.2018;2,953;3,077;4,1341;4,654;0,2369;4,1197
13.12.2018;2,9555;3,0597;4,119;4,6485;0,2379;4,0861
12.12.2018;2,9652;3,0743;4,1368;4,6605;0,2375;4,112
11.12.2018;2,9452;3,0499;4,1373;4,6528;0,2368;4,0873
10.12.2018;2,9421;3,0614;4,119;4,6495;0,2375;4,0769
07.12.2018;2,9532;3,0534;4,1136;4,648;0,2385;4,0896
06.12.2018;2,9592;3,0582;4,1165;4,6556;0,2394;4,1091
05.12.2018;2,9915;3,0891;4,1124;4,6542;0,2386;4,1053
04.12.2018;3,013;3,0962;4,1024;4,6519;0,2393;4,0776
03.12.2018;3,0286;3,1143;4,1102;4,6566;0,2382;4,1042
29.11.2018;2,9982;3,0858;4,1169;4,656;0,2394;4,1008
28.11.2018;2,9853;3,097;4,1314;4,658;0,239;4,1258
27.11.2018;2,9801;3,1071;4,1203;4,6599;0,2384;4,1194
26.11.2018;2,9785;3,1063;4,1118;4,6585;0,239;4,1001
23.11.2018;2,9641;3,0995;4,117;4,6584;0,2379;4,1021
22.11.2018;2,9568;3,0841;4,1003;4,6553;0,2383;4,0773
21.11.2018;2,9643;3,0838;4,1189;4,6644;0,2383;4,0999
20.11.2018;2,965;3,096;4,1096;4,6662;0,2385;4,0794
19.11.2018;2,9851;3,1027;4,098;4,665;0,2406;4,0855
16.11.2018;2,9872;3,1283;4,0856;4,6639;0,2415;4,1179
15.11.2018;2,9984;3,1201;4,1007;4,6635;0,2426;4,1283
14.11.2018;2,9748;3,1236;4,0924;4,659;0,2432;4,134
13.11.2018;2,9851;3,1326;4,1011;4,6599;0,2434;4,1469
12.11.2018;2,9787;3,1313;4,0964;4,6586;0,2411;4,1342
09.11.2018;2,9729;3,1117;4,0799;4,6588;0,2397;4,1063
08.11.2018;2,9741;3,1177;4,072;4,663;0,2376;4,0825
07.11.2018;2,956;3,1042;4,0751;4,6617;0,239;4,0588
06.11.2018;2,9599;3,1169;4,0718;4,664;0,2396;4,0905
05.11.2018;2,9465;3,1253;4,0771;4,6612;0,2377;4,0952
02.11.2018;2,9542;3,1196;4,0826;4,6621;0,2388;4,0733
01.11.2018;2,9351;3,1273;4,0856;4,6639;0,2401;4,0998
31.10.2018;2,9187;3,1334;4,091;4,6668;0,24;4,1141
30.10.2018;2,9119;3,1305;4,0986;4,6665;0,239;4,108
29.10.2018;2,902;3,1247;4,0929;4,6628;0,2396;4,0898
26.10.2018;2,8853;3,1231;4,1024;4,663;0,2386;4,1067
25.10.2018;2,8927;3,1386;4,0932;4,6622;0,2393;4,0857
24.10.2018;2,8935;3,1182;4,0919;4,659;0,2383;4,0802
23.10.2018;2,8801;3,104;4,0897;4,667;0,2382;4,0662
22.10.2018;2,8814;3,0994;4,0659;4,6671;0,2397;4,0557
19.10.2018;2,9;3,1229;4,0936;4,6669;0,2387;4,0761
18.10.2018;2,8934;3,1071;4,0769;4,6658;0,238;4,0493
17.10.2018;2,8834;3,1152;4,0684;4,6667;0,2375;4,0359
16.10.2018;2,8739;3,109;4,0786;4,6677;0,2369;4,0341
15.10.2018;2,8752;3,0949;4,0863;4,6663;0,237;4,027
12.10.2018;2,8633;3,0902;4,0564;4,659;0,2367;4,0221
11.10.2018;2,8646;3,0954;4,0826;4,6674;0,2387;4,0391
10.10.2018;2,8796;3,1316;4,0896;4,6628;0,2398;4,059
09.10.2018;2,8771;3,135;4,0949;4,6668;0,2398;4,0705
08.10.2018;2,8691;3,1249;4,0968;4,6671;0,2393;4,0651
05.10.2018;2,8702;3,141;4,0882;4,6685;0,24;4,0631
04.10.2018;2,8743;3,1523;4,0938;4,6684;0,2389;4,0591
03.10.2018;2,8845;3,1409;4,0884;4,6643;0,2398;4,0326
02.10.2018;2,9062;3,1579;4,1183;4,6658;0,2379;4,0507
01.10.2018;2,8971;3,1328;4,0807;4,6596;0,2381;4,011
28.09.2018;2,9011;3,0891;4,1248;4,6637;0,236;4,021
27.09.2018;2,8801;3,0515;4,11;4,6647;0,2356;3,984
26.09.2018;2,8741;3,0582;4,0984;4,6605;0,2355;3,9612
25.09.2018;2,8692;3,057;4,0997;4,6603;0,2353;3,9613
24.09.2018;2,8774;3,0579;4,1276;4,6578;0,2353;3,9575
21.09.2018;2,8801;3,0614;4,1351;4,6559;0,2364;3,9517
20.09.2018;2,8891;3,0794;4,1133;4,6519;0,237;3,9743
19.09.2018;2,8832;3,0701;4,1141;4,6524;0,2372;3,9764
18.09.2018;2,8686;3,0576;4,1386;4,6478;0,2376;3,9793
17.09.2018;2,8585;3,0591;4,1314;4,6435;0,2363;3,9865
14.09.2018;2,8568;3,0511;4,1152;4,643;0,238;3,9669
13.09.2018;2,8674;3,0691;4,1165;4,6391;0,2387;3,993
12.09.2018;2,8484;3,0652;4,1116;4,6393;0,239;4,0011
11.09.2018;2,8372;3,0356;4,1001;4,6325;0,2387;3,9946
10.09.2018;2,8501;3,0369;4,1113;4,6332;0,2381;4,0019
07.09.2018;2,8531;3,0355;4,1316;4,641;0,2387;3,9875
06.09.2018;2,8688;3,0283;4,1134;4,6383;0,2397;3,9903
05.09.2018;2,8711;3,0369;4,1091;4,6369;0,2405;4,0046
04.09.2018;2,8734;3,0467;4,1121;4,6321;0,239;4,0051
03.09.2018;2,8812;3,062;4,1191;4,6375;0,2399;3,997
31.08.2018;2,8799;3,058;4,1143;4,644;0,2398;3,9789
30.08.2018;2,8957;3,0713;4,0927;4,643;0,2398;3,9704
29.08.2018;2,9113;3,0817;4,0787;4,6489;0,2401;3,9852
28.08.2018;2,9203;3,0695;4,0661;4,6474;0,24;3,9723
27.08.2018;2,9225;3,0673;4,0646;4,6416;0,2397;3,9959
24.08.2018;2,9178;3,0645;4,073;4,6377;0,2395;4,0089
23.08.2018;2,9336;3,0842;4,0867;4,649;0,2399;4,0228
22.08.2018;2,9442;3,079;4,0782;4,6445;0,2406;4,0077
21.08.2018;2,9655;3,0947;4,0809;4,6434;0,2431;4,032
20.08.2018;2,9775;3,1168;4,0891;4,6483;0,2447;4,0737
17.08.2018;2,9714;3,1091;4,1043;4,6569;0,2463;4,0889
16.08.2018;2,9785;3,1211;4,1247;4,6586;0,2478;4,0976
14.08.2018;2,967;3,12;4,1212;4,659;0,2479;4,0854
13.08.2018;2,9772;3,114;4,1152;4,6607;0,2465;4,0937
10.08.2018;2,9678;3,0996;4,0811;4,6567;0,2437;4,0594
09.08.2018;2,9714;3,0755;4,0291;4,6427;0,2432;4,0039
08.08.2018;2,9689;3,0617;4,0218;4,6426;0,2425;4,0024
07.08.2018;2,978;3,0883;4,0255;4,6428;0,2438;4,0055
06.08.2018;2,9588;3,0754;4,0191;4,625;0,2418;4
03.08.2018;2,9379;3,0652;4,0102;4,6206;0,2406;3,9908
02.08.2018;2,9286;3,0533;4,0037;4,6217;0,239;3,9799
01.08.2018;2,9339;3,0396;3,9915;4,6255;0,238;3,961
31.07.2018;2,9294;3,027;3,9942;4,6283;0,239;3,9487
30.07.2018;2,9275;3,0298;3,986;4,6248;0,2396;3,9572
27.07.2018;2,9377;3,0477;3,9953;4,6315;0,2382;3,9844
26.07.2018;2,9341;3,0284;3,9769;4,6273;0,2377;3,9502
25.07.2018;2,9371;3,0129;3,9909;4,6282;0,2375;3,9551
24.07.2018;2,9306;3,0125;3,9911;4,6367;0,2373;3,9677
23.07.2018;2,9428;3,0233;4,0078;4,6512;0,2393;3,9767
20.07.2018;2,9463;3,0169;4,0019;4,6562;0,2409;3,9954
19.07.2018;2,9496;3,0322;4,0037;4,6549;0,2403;4,0128
18.07.2018;2,9463;3,0232;4,0013;4,6541;0,2381;4,0032
17.07.2018;2,9464;3,0243;3,9935;4,6572;0,238;3,9685
16.07.2018;2,9583;3,0258;3,9781;4,655;0,24;3,9774
13.07.2018;2,9568;3,0381;3,99;4,6589;0,2397;4,0064
12.07.2018;2,9459;3,0241;4,0022;4,6596;0,2385;3,9902
11.07.2018;2,9425;3,024;4,0032;4,6607;0,2387;3,9804
10.07.2018;2,9574;3,0252;4,0021;4,6587;0,2367;3,9738
09.07.2018;2,961;3,0271;4,0103;4,659;0,2378;3,9604
06.07.2018;2,9508;3,031;4,012;4,6616;0,2379;3,9821
05.07.2018;2,946;3,0342;4,017;4,6619;0,2385;3,9898
04.07.2018;2,9577;3,0467;4,0349;4,6617;0,2381;4,0071
03.07.2018;2,9525;3,0355;4,0232;4,6554;0,2375;3,9909
02.07.2018;2,9499;3,0396;4,0324;4,661;0,2376;4,0043
29.06.2018;2,9573;3,0265;4,034;4,6611;0,2387;4,0033
28.06.2018;2,9552;3,0222;4,0354;4,6569;0,2372;4,0267
27.06.2018;2,9515;3,0042;4,0325;4,6537;0,2359;3,9999
26.06.2018;2,9577;3,0057;4,0397;4,662;0,2361;3,9981
25.06.2018;2,9739;3,0154;4,0527;4,6665;0,2367;4,0058
22.06.2018;2,9756;3,0154;4,0461;4,6686;0,2391;4,0026
21.06.2018;2,9848;3,0417;4,0627;4,6695;0,2392;4,0518
20.06.2018;2,9802;3,0328;4,0467;4,666;0,2398;4,0348
19.06.2018;2,9804;3,0532;4,0578;4,6663;0,2387;4,042
18.06.2018;2,9961;3,0565;4,036;4,6662;0,24;4,024
15.06.2018;3,0004;3,0564;4,029;4,6618;0,2354;4,0162
14.06.2018;2,9821;3,0449;4,0129;4,6656;0,2369;3,9462
13.06.2018;3,009;3,0463;4,0183;4,6647;0,2361;3,9701
12.06.2018;3,0078;3,0395;4,0139;4,6587;0,2356;3,9497
11.06.2018;3,0066;3,0453;4,0067;4,6586;0,236;3,9518
08.06.2018;2,9957;3,0409;4,0277;4,6582;0,2342;3,9589
07.06.2018;3,0145;3,0396;4,0128;4,6564;0,2344;3,9379
06.06.2018;3,0256;3,057;4,0075;4,6513;0,2354;3,9535
05.06.2018;3,0336;3,0719;4,0334;4,6531;0,2339;3,977
04.06.2018;3,0375;3,0755;4,0329;4,6566;0,2349;3,9713
31.05.2018;3,0116;3,0921;4,0343;4,6485;0,2358;3,9734
30.05.2018;3,0115;3,0744;4,0412;4,6399;0,2376;3,9958
29.05.2018;3,0276;3,0945;4,043;4,6397;0,2358;4,0284
25.05.2018;2,9996;3,0615;3,9799;4,6288;0,2348;3,9524
24.05.2018;2,9792;3,0654;3,9779;4,6243;0,2352;3,9431
23.05.2018;2,9757;3,065;3,9869;4,6292;0,2342;3,9502
22.05.2018;2,9712;3,0647;3,9274;4,6225;0,2354;3,9099
21.05.2018;2,9606;3,0596;3,9375;4,6228;0,2353;3,937
18.05.2018;2,9505;3,0647;3,9298;4,6303;0,2362;3,9308
17.05.2018;2,9511;3,0729;3,9126;4,6296;0,2372;3,9229
16.05.2018;2,9368;3,0517;3,9233;4,6338;0,2349;3,9251
15.05.2018;2,9179;3,0291;3,88;4,6283;0,2334;3,8797
14.05.2018;2,9174;3,0269;3,8643;4,6289;0,234;3,864
11.05.2018;2,9337;3,0469;3,8806;4,6348;0,2351;3,8843
10.05.2018;2,9224;3,0549;3,8942;4,6397;0,2353;3,9065
09.05.2018;2,9144;3,0288;3,9057;4,6454;0,2345;3,917
08.05.2018;2,9201;3,0172;3,9025;4,6496;0,2347;3,9148
07.05.2018;2,9306;3,0311;3,8871;4,6542;0,234;3,9026
04.05.2018;2,926;3,0237;3,9007;4,6569;0,2341;3,8936
03.05.2018;2,9295;3,0304;3,8986;4,6618;0,2341;3,8861
02.05.2018;2,9181;3,0294;3,9052;4,663;0,233;3,8839
30.04.2018;2,9067;2,9937;3,8917;4,6589;0,2314;3,8479
27.04.2018;2,915;2,9951;3,8983;4,6618;0,2315;3,8596
26.04.2018;2,8896;2,9725;3,8808;4,649;0,2305;3,816
25.04.2018;2,8872;2,9606;3,8777;4,6474;0,2308;3,8065
24.04.2018;2,8997;2,9689;3,8973;4,6516;0,2308;3,812
23.04.2018;2,9074;2,9737;3,8976;4,6563;0,2299;3,8076
20.04.2018;2,9142;2,9902;3,8902;4,6606;0,2294;3,7886
19.04.2018;2,9362;2,9844;3,8879;4,6579;0,2293;3,7656
18.04.2018;2,9171;2,988;3,8854;4,653;0,2292;3,762
17.04.2018;2,9218;2,9885;3,9061;4,6485;0,2298;3,7588
16.04.2018;2,9234;2,9828;3,9172;4,6507;0,2299;3,76
13.04.2018;2,9464;3,0067;3,9301;4,6611;0,2305;3,7778
12.04.2018;2,9247;2,9974;3,9268;4,6617;0,2301;3,7766
11.04.2018;2,9194;2,9882;3,932;4,66;0,2308;3,7657
10.04.2018;2,9217;2,981;3,9561;4,6605;0,2326;3,7824
05.04.2018;2,9174;2,9717;3,9539;4,6615;0,2314;3,7965
04.04.2018;2,9097;2,9567;3,9589;4,6598;0,2308;3,7909
03.04.2018;2,9089;2,9405;3,9625;4,6585;0,2296;3,7842
02.04.2018;2,899;2,9308;3,96;4,6548;0,2294;3,7746
30.03.2018;2,9073;2,9349;3,9632;4,6576;0,2295;3,7779
29.03.2018;2,9;2,9284;3,9494;4,6569;0,2281;3,7819
28.03.2018;2,8802;2,9137;3,952;4,6557;0,2275;3,7576
27.03.2018;2,8933;2,9121;3,9549;4,6502;0,2269;3,7453
26.03.2018;2,9066;2,9224;3,969;4,6594;0,2281;3,7533
23.03.2018;2,9196;2,9273;3,9936;4,6651;0,2286;3,7841
22.03.2018;2,9265;2,9422;4,002;4,6659;0,2297;3,7891
21.03.2018;2,9206;2,9174;3,9842;4,6651;0,2294;3,8002
20.03.2018;2,921;2,8995;3,9781;4,6655;0,2303;3,7891
19.03.2018;2,9252;2,8999;3,9829;4,665;0,229;3,793
16.03.2018;2,9445;2,8943;3,986;4,6646;0,2284;3,7833
15.03.2018;2,962;2,9088;3,989;4,662;0,2275;3,7715
14.03.2018;2,975;2,9109;3,9873;4,6622;0,2278;3,7691
13.03.2018;2,9753;2,9391;3,9871;4,6607;0,228;3,7771
12.03.2018;2,9778;2,9524;3,9861;4,6616;0,2253;3,7864
09.03.2018;2,9547;2,9423;3,9848;4,657;0,225;3,7865
08.03.2018;2,9354;2,911;3,9807;4,6592;0,2251;3,7635
07.03.2018;2,9292;2,8992;3,9955;4,6597;0,2251;3,7463
06.03.2018;2,9316;2,9091;4,0146;4,6596;0,2268;3,7745
05.03.2018;2,9317;2,9339;4,0399;4,6598;0,2268;3,7829
02.03.2018;2,9387;2,9484;4,0451;4,659;0,2292;3,7917
01.03.2018;2,9514;2,9735;4,0409;4,6581;0,2285;3,8209
28.02.2018;2,9765;2,9873;4,0471;4,6625;0,2268;3,8133
27.02.2018;2,9637;2,9775;4,0317;4,6564;0,226;3,7782
26.02.2018;2,9712;2,9881;4,0426;4,6613;0,2269;3,7733
23.02.2018;2,9567;2,9752;4,0473;4,6552;0,2273;3,7813
22.02.2018;2,9612;2,9864;4,0377;4,6539;0,2269;3,7867
21.02.2018;2,9707;2,9874;4,0372;4,6606;0,2269;3,7828
20.02.2018;2,9802;2,9998;4,0408;4,6623;0,2249;3,778
19.02.2018;2,9743;2,9911;4,0471;4,6609;0,2234;3,753
16.02.2018;2,9702;2,9904;4,0452;4,6595;0,2229;3,7306
15.02.2018;2,9662;2,9908;4,0332;4,6598;0,2252;3,7337
14.02.2018;2,9679;2,9986;4,0395;4,6588;0,2256;3,7711
13.02.2018;2,9682;3,0009;4,0413;4,6572;0,2276;3,7738
12.02.2018;2,971;3,0194;4,0447;4,6534;0,2285;3,7919
09.02.2018;2,9599;3,0136;4,0511;4,6561;0,2291;3,7984
08.02.2018;2,9704;3,0205;4,0203;4,6533;0,2271;3,8025
07.02.2018;2,9639;3,0101;4,011;4,6538;0,2263;3,7705
06.02.2018;2,9459;2,9901;4,0046;4,6423;0,2243;3,7433
05.02.2018;2,9519;2,9947;3,9975;4,6347;0,2226;3,717
02.02.2018;2,9766;3,0293;4,0065;4,6526;0,2242;3,7266
01.02.2018;2,9957;3,0409;4,0156;4,6551;0,2237;3,7443
31.01.2018;3,0316;3,0491;4,0166;4,6582;0,2241;3,7442
30.01.2018;3,0287;3,0365;4,0104;4,6474;0,2238;3,7416
29.01.2018;3,0356;3,0358;4,0046;4,654;0,2232;3,7472
26.01.2018;3,0296;3,0421;4,0093;4,6658;0,2239;3,7436
25.01.2018;3,0366;3,0531;3,9914;4,6665;0,2248;3,7595
23.01.2018;3,0369;3,0559;3,9611;4,6679;0,2261;3,8116
22.01.2018;3,0502;3,0525;3,9621;4,6656;0,2254;3,8059
19.01.2018;3,0446;3,0592;3,9727;4,6614;0,225;3,7984
18.01.2018;3,0394;3,0605;3,9608;4,6514;0,225;3,8054
17.01.2018;3,0379;3,0601;3,9531;4,6573;0,2245;3,8067
16.01.2018;3,0333;3,0695;3,9533;4,6599;0,2233;3,8182
15.01.2018;2,9976;3,0335;3,9178;4,6256;0,2239;3,7686
12.01.2018;3,0135;3,056;3,9408;4,6377;0,2278;3,8247
11.01.2018;3,0565;3,0929;3,9655;4,6374;0,2263;3,8821
10.01.2018;3,0422;3,1128;3,9618;4,6434;0,2279;3,87
09.01.2018;3,0525;3,1385;3,9718;4,6571;0,2264;3,9039
08.01.2018;3,0266;3,1118;3,9504;4,6348;0,2249;3,8598
05.01.2018;3,0193;3,0773;3,9394;4,6365;0,225;3,8484
04.01.2018;3,0164;3,07;3,9389;4,6304;0,2257;3,8425
03.01.2018;3,0245;3,0842;3,9623;4,6412;0,2251;3,8603
